kode,display,nama_pemeriksaan,kategori,permintaan_hasil,sumber
83311-1,Bone density quantitative measurement by DXA panel,Bone mineral densitometry (BMD),Radiologi,Permintaan,bag1/Example LOINC Terminology (User
24966-4,DXA Lumbar spine [Mass/Area] Bone density,Bone mineral densitometry (BMD) vertebra lumbal (g/cm2),Radiologi,Hasil,bag1/Example LOINC Terminology (User
38267-1,DXA Lumbar spine [T-score] Bone density,Bone mineral densitometry (BMD) vertebra lumbal (T-score),Radiologi,Hasil,bag1/Example LOINC Terminology (User
85394-5,DXA Lumbar spine [Z-score] Bone density,Bone mineral densitometry (BMD) vertebra lumbal (Z-score),Radiologi,Hasil,bag1/Example LOINC Terminology (User
63520-1,PhenX - body composition by dual-energy x-ray absorptiometry protocol 020301,Bone mineral densitometry (BMD) total body composition WO kontras,Radiologi,Permintaan & Hasil,bag1/Example LOINC Terminology (User
83014-1,DXA Skeletal system.axial Views for bone density and vertebral fracture,Bone mineral densitometry (BMD) tulang aksial dan fraktur vertebra,Radiologi,Permintaan & Hasil,bag1/Example LOINC Terminology (User
83012-5,DXA Skeletal system.axial Views for bone density,Bone mineral densitometry (BMD) tulang axial,Radiologi,Permintaan & Hasil,bag1/Example LOINC Terminology (User
83013-3,DXA Skeletal system.peripheral Views for bone density,Bone mineral densitometry (BMD) tulang periferal,Radiologi,Permintaan & Hasil,bag1/Example LOINC Terminology (User
24890-6,DXA Radius and Ulna [Mass/Area] Bone density,Bone mineral densitometry (BMD) forearm (g/cm2),Radiologi,Hasil,bag1/Example LOINC Terminology (User
38265-5,DXA Radius and Ulna [T-score] Bone density,Bone mineral densitometry (BMD) forearm (T-score),Radiologi,Hasil,bag1/Example LOINC Terminology (User
80932-7,DXA Radius and Ulna [Z-score] Bone density,Bone mineral densitometry (BMD) forearm (Z-score),Radiologi,Permintaan & Hasil,bag1/Example LOINC Terminology (User
80952-5,DXA Radius and Ulna - left [Mass/Area] Bone density,Bone mineral densitometry (BMD) forearm kiri (g/cm2),Radiologi,Permintaan & Hasil,bag1/Example LOINC Terminology (User
80944-2,DXA Radius and Ulna - left [T-score] Bone density,Bone mineral densitometry (BMD) forearm kiri (T-score),Radiologi,Permintaan & Hasil,bag1/Example LOINC Terminology (User
80936-8,DXA Radius and Ulna - left [Z-score] Bone density,Bone mineral densitometry (BMD) forearm kiri (Z-score),Radiologi,Permintaan & Hasil,bag1/Example LOINC Terminology (User
80951-7,DXA Radius and Ulna - right [Mass/Area] Bone density,Bone mineral densitometry (BMD) forearm kanan (g/cm2),Radiologi,Permintaan & Hasil,bag1/Example LOINC Terminology (User
80943-4,DXA Radius and Ulna - right [T-score] Bone density,Bone mineral densitometry (BMD) forearm kanan (T-score),Radiologi,Permintaan & Hasil,bag1/Example LOINC Terminology (User
80935-0,DXA Radius and Ulna - right [Z-score] Bone density,Bone mineral densitometry (BMD) forearm kanan (Z-score),Radiologi,Permintaan & Hasil,bag1/Example LOINC Terminology (User
38261-4,DXA Hip [Mass/Area] Bone density,Bone mineral densitometry (BMD) hip (g/cm2),Radiologi,Hasil,bag1/Example LOINC Terminology (User
38264-8,DXA Hip [T-score] Bone density,Bone mineral densitometry (BMD) hip (T-score),Radiologi,Hasil,bag1/Example LOINC Terminology (User
80933-5,DXA Hip [Z-score] Bone density,Bone mineral densitometry (BMD) hip (Z-score),Radiologi,Permintaan & Hasil,bag1/Example LOINC Terminology (User
46279-6,DXA Hip - right [Mass/Area] Bone density,Bone mineral densitometry (BMD) hip kanan (g/cm2),Radiologi,Hasil,bag1/Example LOINC Terminology (User
80945-9,DXA Hip - right [T-score] Bone density,Bone mineral densitometry (BMD) hip kanan (T-score),Radiologi,Permintaan & Hasil,bag1/Example LOINC Terminology (User
80937-6,DXA Hip - right [Z-score] Bone density,Bone mineral densitometry (BMD) hip kanan (Z-score),Radiologi,Permintaan & Hasil,bag1/Example LOINC Terminology (User
46278-8,DXA Hip - left [Mass/Area] Bone density,Bone mineral densitometry (BMD) hip kiri (g/cm2),Radiologi,Hasil,bag1/Example LOINC Terminology (User
80946-7,DXA Hip - left [T-score] Bone density,Bone mineral densitometry (BMD) hip kiri (T-score),Radiologi,Permintaan & Hasil,bag1/Example LOINC Terminology (User
80938-4,DXA Hip - left [Z-score] Bone density,Bone mineral densitometry (BMD) hip kiri (Z-score),Radiologi,Permintaan & Hasil,bag1/Example LOINC Terminology (User
46383-6,DXA Bone [Mass/Area] Bone density,Bone mineral densitometry (BMD) bone,Radiologi,Permintaan & Hasil,bag1/Example LOINC Terminology (User
24701-5,DXA Femur [Mass/Area] Bone density,Bone mineral densitometry (BMD) femur (g/cm2),Radiologi,Hasil,bag1/Example LOINC Terminology (User
38263-0,DXA Femur [T-score] Bone density,Bone mineral densitometry (BMD) femur (T-score),Radiologi,Hasil,bag1/Example LOINC Terminology (User
80934-3,DXA Femur [Z-score] Bone density,Bone mineral densitometry (BMD) femur (Z-score),Radiologi,Permintaan & Hasil,bag1/Example LOINC Terminology (User
80954-1,DXA Femur - left [Mass/Area] Bone density,Bone mineral densitometry (BMD) femur kiri (g/cm2),Radiologi,Permintaan & Hasil,bag1/Example LOINC Terminology (User
80948-3,DXA Femur - left [T-score] Bone density,Bone mineral densitometry (BMD) femur kiri (T-score),Radiologi,Permintaan & Hasil,bag1/Example LOINC Terminology (User
80940-0,DXA Femur - left [Z-score] Bone density,Bone mineral densitometry (BMD) femur kiri (Z-score),Radiologi,Permintaan & Hasil,bag1/Example LOINC Terminology (User
80953-3,DXA Femur - right [Mass/Area] Bone density,Bone mineral densitometry (BMD) femur kanan (g/cm2),Radiologi,Permintaan & Hasil,bag1/Example LOINC Terminology (User
80947-5,DXA Femur - right [T-score] Bone density,Bone mineral densitometry (BMD) femur kanan (T-score),Radiologi,Permintaan & Hasil,bag1/Example LOINC Terminology (User
80939-2,DXA Femur - right [Z-score] Bone density,Bone mineral densitometry (BMD) femur kanan (Z-score),Radiologi,Permintaan & Hasil,bag1/Example LOINC Terminology (User
97100-2,Colonoscopy+US Study,Colonoscopy dengan lower endoscopic ultrasound,Radiologi,Permintaan & Hasil,bag1/Example LOINC Terminology (User
79103-8,CT Abdomen W contrast IV,CT abdomen atas dengan kontras IV,Radiologi,Permintaan & Hasil,bag1/Example LOINC Terminology (User
36424-0,CT Abdomen WO contrast,CT abdomen atas nonkontras,Radiologi,Permintaan & Hasil,bag1/Example LOINC Terminology (User
36813-4,CT Abdomen and Pelvis W contrast IV,CT abdomen dan pelvis dengan kontras IV,Radiologi,Permintaan & Hasil,bag1/Example LOINC Terminology (User
99610-8,CT Abdomen and Pelvis W contrast PO,CT abdomen dan pelvis dengan kontras PO,Radiologi,Permintaan & Hasil,bag1/Example LOINC Terminology (User
36952-0,CT Abdomen and Pelvis WO contrast,CT abdomen dan pelvis nonkontras,Radiologi,Permintaan & Hasil,bag1/Example LOINC Terminology (User
42274-1,CT Abdomen and Pelvis WO and W contrast IV,CT abdomen dan pelvis nonkontras diikuti dengan kontras IV,Radiologi,Permintaan & Hasil,bag1/Example LOINC Terminology (User
79103-8,CT Abdomen W contrast IV,CT abdomen dengan kontras IV,Radiologi,Permintaan & Hasil,bag1/Example LOINC Terminology (User
36424-0,CT Abdomen WO contrast,CT abdomen nonkontras,Radiologi,Permintaan & Hasil,bag1/Example LOINC Terminology (User
36267-3,CT Abdomen WO and W contrast IV,CT abdomen tanpa kontras diikuti dengan kontras IV,Radiologi,Permintaan & Hasil,bag1/Example LOINC Terminology (User
69087-5,CT Ankle - bilateral WO contrast,CT ankle bilateral nonkontras,Radiologi,Permintaan & Hasil,bag1/Example LOINC Terminology (User
36135-2,CT Ankle W contrast IV,CT ankle dan pedis dengan kontras IV,Radiologi,Permintaan & Hasil,bag1/Example LOINC Terminology (User
36425-7,CT Ankle WO contrast,CT ankle dan pedis nonkontras,Radiologi,Permintaan & Hasil,bag1/Example LOINC Terminology (User
36425-7,CT Ankle WO contrast,CT ankle nonkontras,Radiologi,Permintaan & Hasil,bag1/Example LOINC Terminology (User
36185-7,CT Forearm W contrast IV,CT antebrachi dengan kontras IV,Radiologi,Permintaan & Hasil,bag1/Example LOINC Terminology (User
36472-9,CT Forearm WO contrast,CT antebrachi nonkontras,Radiologi,Permintaan & Hasil,bag1/Example LOINC Terminology (User
35998-4,CT Forearm - bilateral,CT antebrachi bilateral nonkontras,Radiologi,Permintaan & Hasil,bag1/Example LOINC Terminology (User
36143-6,CT Abdominal Aorta W contrast IV,CT aorta abdominalis dengan kontras IV,Radiologi,Permintaan & Hasil,bag1/Example LOINC Terminology (User
36142-8,CT Thoracic and abdominal aorta W contrast IV,CT aorta thorakalis dan abdominalis dengan kontras IV,Radiologi,Permintaan & Hasil,bag1/Example LOINC Terminology (User
24545-6,CT Thoracic Aorta W contrast IV,CT aorta thorakalis dengan kontras IV,Radiologi,Permintaan & Hasil,bag1/Example LOINC Terminology (User
36145-1,CT Appendix W contrast IV,CT appendicogram dengan kontras IV,Radiologi,Permintaan & Hasil,bag1/Example LOINC Terminology (User
86969-3,CT Shoulder - bilateral W contrast IV,CT bahu bilateral dengan kontras IV,Radiologi,Permintaan & Hasil,bag1/Example LOINC Terminology (User
69090-9,CT Shoulder - bilateral WO contrast,CT bahu bilateral nonkontras,Radiologi,Permintaan & Hasil,bag1/Example LOINC Terminology (User
36250-9,CT Shoulder W contrast IV,CT bahu kontras IV,Radiologi,Permintaan & Hasil,bag1/Example LOINC Terminology (User
36524-7,CT Shoulder WO contrast,CT bahu nonkontras,Radiologi,Permintaan & Hasil,bag1/Example LOINC Terminology (User
44229-3,CT Bone,CT bone,Radiologi,Permintaan & Hasil,bag1/Example LOINC Terminology (User
24734-6,CT Cerebral cisterns W contrast IT,CT cairan serebrospinal sisternografi dengan kontras IT,Radiologi,Permintaan & Hasil,bag1/Example LOINC Terminology (User
79087-3,CT Heart and Coronary arteries for calcium scoring WO contrast,CT cardiac scoring,Radiologi,Permintaan & Hasil,bag1/Example LOINC Terminology (User
99633-0,Cone beam CT Teeth,CT cone beam (CBCT) gigi lengkap,Radiologi,Permintaan & Hasil,bag1/Example LOINC Terminology (User
99633-0,Cone beam CT Teeth,CT cone beam (CBCT) satu gigi,Radiologi,Permintaan & Hasil,bag1/Example LOINC Terminology (User
87879-3,CT Lower leg - bilateral WO contrast,CT cruris bilateral nonkontras,Radiologi,Permintaan & Hasil,bag1/Example LOINC Terminology (User
36537-9,CT Lower leg WO contrast,CT cruris nonkontras,Radiologi,Permintaan & Hasil,bag1/Example LOINC Terminology (User
36444-8,CT Elbow - bilateral WO contrast,CT cubiti bilateral nonkontras,Radiologi,Permintaan & Hasil,bag1/Example LOINC Terminology (User
36157-6,CT Elbow W contrast IV,CT cubiti dengan kontras IV,Radiologi,Permintaan & Hasil,bag1/Example LOINC Terminology (User
36443-0,CT Elbow WO contrast,CT cubiti nonkontras,Radiologi,Permintaan & Hasil,bag1/Example LOINC Terminology (User
30626-6,CT Upper extremity W contrast IV,CT ekstremitas atas dengan kontras IV,Radiologi,Permintaan & Hasil,bag1/Example LOINC Terminology (User
30627-4,CT Upper extremity WO contrast,CT ekstremitas atas nonkontras,Radiologi,Permintaan & Hasil,bag1/Example LOINC Terminology (User
36334-1,CT Upper extremity WO and W contrast IV,CT ekstremitas atas nonkontras diikuti dengan kontras IV,Radiologi,Permintaan & Hasil,bag1/Example LOINC Terminology (User
30624-1,CT Lower extremity W contrast IV,CT ekstremitas bawah dengan kontras IV,Radiologi,Permintaan & Hasil,bag1/Example LOINC Terminology (User
30625-8,CT Lower extremity WO contrast,CT ekstremitas bawah nonkontras,Radiologi,Permintaan & Hasil,bag1/Example LOINC Terminology (User
36288-9,CT Lower extremity WO and W contrast IV,CT ekstremitas bawah nonkontras diikuti dengan kontras IV,Radiologi,Permintaan & Hasil,bag1/Example LOINC Terminology (User
87881-9,CT Thigh - bilateral WO contrast,CT femur bilateral nonkontras,Radiologi,Permintaan & Hasil,bag1/Example LOINC Terminology (User
36172-5,CT Thigh W contrast IV,CT femur dengan kontras IV,Radiologi,Permintaan & Hasil,bag1/Example LOINC Terminology (User
36460-4,CT Thigh WO contrast,CT femur nonkontras,Radiologi,Permintaan & Hasil,bag1/Example LOINC Terminology (User
36242-6,CT Posterior fossa W contrast IV,CT fossa posterior dengan kontras IV,Radiologi,Permintaan & Hasil,bag1/Example LOINC Terminology (User
36517-1,CT Posterior fossa WO contrast,CT fossa posterior nonkontras,Radiologi,Permintaan & Hasil,bag1/Example LOINC Terminology (User
36387-9,CT Posterior fossa WO and W contrast IV,CT fossa posterior nonkontras diikuti dengan kontras IV,Radiologi,Permintaan & Hasil,bag1/Example LOINC Terminology (User
36222-8,CT Knee W contrast IV,CT genu dengan kontras IV,Radiologi,Permintaan & Hasil,bag1/Example LOINC Terminology (User
36505-6,CT Knee WO contrast,CT genu nonkontras,Radiologi,Permintaan & Hasil,bag1/Example LOINC Terminology (User
46290-3,CT Guidance for biopsy of Unspecified body region-- WO contrast,CT guidance biopsy jarum nonkontras,Radiologi,Permintaan & Hasil,bag1/Example LOINC Terminology (User
58747-7,CT Guidance for ablation of tissue of Unspecified body region,CT guidance untuk ablasi dan pemantauan jaringan parenkimal,Radiologi,Permintaan & Hasil,bag1/Example LOINC Terminology (User
43444-9,CT Guidance for percutaneous drainage of abscess and placement of drainage catheter of Unspecified body region,CT guidance untuk drainase abses perkutan dan penempatan kateter drainase,Radiologi,Permintaan & Hasil,bag1/Example LOINC Terminology (User
89932-8,CT Guidance for deep placement of needle of Unspecified body region,CT guidance untuk penempatan jarum,Radiologi,Permintaan & Hasil,bag1/Example LOINC Terminology (User
58744-4,CT Heart,CT jantung,Radiologi,Permintaan & Hasil,bag1/Example LOINC Terminology (User
79089-9,CT Heart W contrast IV,CT jantung dengan kontras IV,Radiologi,Permintaan & Hasil,bag1/Example LOINC Terminology (User
79088-1,CT Heart for congenital disease W contrast IV,CT jantung dengan kontras IV untuk penyakit jantung bawaan,Radiologi,Permintaan & Hasil,bag1/Example LOINC Terminology (User
99612-4,CT Heart WO contrast,CT jantung nonkontras,Radiologi,Permintaan & Hasil,bag1/Example LOINC Terminology (User
79087-3,CT Heart and Coronary arteries for calcium scoring WO contrast,CT jantung nonkontras dengan pemeriksaan kalsium koroner secara kuantitatif,Radiologi,Permintaan & Hasil,bag1/Example LOINC Terminology (User
36235-0,CT Neck W contrast IV,CT jaringan lunak leher dengan kontras IV,Radiologi,Permintaan & Hasil,bag1/Example LOINC Terminology (User
36514-8,CT Neck WO contrast,CT jaringan lunak leher nonkontras,Radiologi,Permintaan & Hasil,bag1/Example LOINC Terminology (User
30586-2,CT Neck WO and W contrast IV,CT jaringan lunak leher nonkontras diikuti dengan kontras IV,Radiologi,Permintaan & Hasil,bag1/Example LOINC Terminology (User
24727-0,CT Head W contrast IV,CT kepala dengan kontras IV,Radiologi,Permintaan & Hasil,bag1/Example LOINC Terminology (User
30799-1,CT Head WO contrast,CT kepala nonkontras,Radiologi,Permintaan & Hasil,bag1/Example LOINC Terminology (User
24726-2,CT Head WO and W contrast IV,CT kepala nonkontras diikuti dengan kontras IV,Radiologi,Permintaan & Hasil,bag1/Example LOINC Terminology (User
82688-3,CT Colon and Rectum WO and W contrast IV and W air contrast PR,CT kolonografi nonkontras dan diikuti dengan kontras IV dan kontras PR,Radiologi,Permintaan & Hasil,bag1/Example LOINC Terminology (User
79071-7,CT Colon and Rectum WO contrast IV and W air contrast PR,CT kolonografi nonkontras IV diikuti dengan kontras PR,Radiologi,Permintaan & Hasil,bag1/Example LOINC Terminology (User
79069-1,CT Colon and Rectum for screening WO contrast IV and W air contrast PR,CT kolonografi skrining non kontras IV dan diikuti dengan kontras PR,Radiologi,Permintaan & Hasil,bag1/Example LOINC Terminology (User
36004-0,CT Hand - bilateral,CT manus bilateral nonkontras,Radiologi,Permintaan & Hasil,bag1/Example LOINC Terminology (User
36191-5,CT Hand W contrast IV,CT manus dengan kontras IV,Radiologi,Permintaan & Hasil,bag1/Example LOINC Terminology (User
36477-8,CT Hand WO contrast,CT manus nonkontras,Radiologi,Permintaan & Hasil,bag1/Example LOINC Terminology (User
87900-7,CT Mastoid W contrast IV,CT mastoid high resolution dengan kontras IV,Radiologi,Permintaan & Hasil,bag1/Example LOINC Terminology (User
46298-6,CT Mastoid - bilateral,CT mastoid high resolution nonkontras,Radiologi,Permintaan & Hasil,bag1/Example LOINC Terminology (User
46298-6,CT Mastoid - bilateral,CT mastoid nonkontras,Radiologi,Permintaan & Hasil,bag1/Example LOINC Terminology (User
36049-5,CT Maxilla and Mandible,CT maxilla dan mandibula,Radiologi,Permintaan & Hasil,bag1/Example LOINC Terminology (User
30801-5,CT Maxillofacial region W contrast IV,CT maxillofacial dengan kontras IV,Radiologi,Permintaan & Hasil,bag1/Example LOINC Terminology (User
30802-3,CT Maxillofacial region WO contrast,CT maxillofacial nonkontras,Radiologi,Permintaan & Hasil,bag1/Example LOINC Terminology (User
30803-1,CT Maxillofacial region WO and W contrast IV,CT maxillofacial nonkontras diikuti dengan kontras IV,Radiologi,Permintaan & Hasil,bag1/Example LOINC Terminology (User
24836-9,CT Nasopharynx and Neck W contrast IV,"CT nasofaring, orofaring, laring dan leher dengan kontras",Radiologi,Permintaan & Hasil,bag1/Example LOINC Terminology (User
30585-4,CT Nasopharynx and Neck WO contrast,"CT nasofaring, orofaring, laring dan leher nonkontras",Radiologi,Permintaan & Hasil,bag1/Example LOINC Terminology (User
46320-8,CT Orbit and Face W contrast IV,CT orbita dan wajah dengan kontras IV,Radiologi,Permintaan & Hasil,bag1/Example LOINC Terminology (User
86988-3,CT Orbit and Face WO contrast,CT orbita dan wajah nonkontras,Radiologi,Permintaan & Hasil,bag1/Example LOINC Terminology (User
48449-3,CT Orbit W contrast IV,CT orbita dengan kontras IV,Radiologi,Permintaan & Hasil,bag1/Example LOINC Terminology (User
46331-5,CT Orbit WO contrast,CT orbita nonkontras,Radiologi,Permintaan & Hasil,bag1/Example LOINC Terminology (User
48451-9,CT Orbit WO and W contrast IV,CT orbita nonkontras diikuti dengan kontras IV,Radiologi,Permintaan & Hasil,bag1/Example LOINC Terminology (User
86967-7,CT Foot - bilateral WO contrast,CT pedis bilateral nonkontras,Radiologi,Permintaan & Hasil,bag1/Example LOINC Terminology (User
36466-1,CT Foot WO contrast,CT pedis nonkontras,Radiologi,Permintaan & Hasil,bag1/Example LOINC Terminology (User
24866-6,CT Pelvis W contrast IV,CT pelvis dengan kontras IV,Radiologi,Permintaan & Hasil,bag1/Example LOINC Terminology (User
30615-9,CT Pelvis WO contrast,CT pelvis nonkontras,Radiologi,Permintaan & Hasil,bag1/Example LOINC Terminology (User
30616-7,CT Pelvis WO and W contrast IV,CT pelvis nonkontras diikuti dengan kontras IV,Radiologi,Permintaan & Hasil,bag1/Example LOINC Terminology (User
95925-4,CT Skeletal system.axial Multisection for bone density,CT pemeriksaan densitas mineral tulang satu lokasi atau lebih pada tulang-tulang aksial,Radiologi,Permintaan & Hasil,bag1/Example LOINC Terminology (User
24728-8,CT perfusion Head,CT perfusi kepala dengan kontras,Radiologi,Permintaan & Hasil,bag1/Example LOINC Terminology (User
39142-5,CT perfusion Head W contrast IV,CT perfusi serebral dengan kontras IV,Radiologi,Permintaan & Hasil,bag1/Example LOINC Terminology (User
30590-4,CT Pituitary and Sella turcica W contrast IV,CT pituitari dan sella turcica dengan kontras IV,Radiologi,Permintaan & Hasil,bag1/Example LOINC Terminology (User
30591-2,CT Pituitary and Sella turcica WO contrast,CT pituitari dan sella turcica nonkontras,Radiologi,Permintaan & Hasil,bag1/Example LOINC Terminology (User
24904-5,CT Pituitary and Sella turcica WO and W contrast IV,CT pituitari dan sella turcica nonkontras diikuti dengan kontras IV,Radiologi,Permintaan & Hasil,bag1/Example LOINC Terminology (User
78973-5,CT scanogram Lower extremity - bilateral for leg measurement WO contrast,CT scanogram ekstremitas bawah bilateral nonkontras,Radiologi,Permintaan & Hasil,bag1/Example LOINC Terminology (User
30588-8,CT Sinuses,CT sinus,Radiologi,Permintaan & Hasil,bag1/Example LOINC Terminology (User
36255-8,CT Sinuses W contrast IV,CT sinus kontras IV,Radiologi,Permintaan & Hasil,bag1/Example LOINC Terminology (User
36529-6,CT Sinuses WO contrast,CT sinus nonkontras,Radiologi,Permintaan & Hasil,bag1/Example LOINC Terminology (User
30583-9,CT Internal auditory canal W contrast IV,CT telinga dalam dengan kontras IV,Radiologi,Permintaan & Hasil,bag1/Example LOINC Terminology (User
30584-7,CT Internal auditory canal WO contrast,CT telinga dalam nonkontras,Radiologi,Permintaan & Hasil,bag1/Example LOINC Terminology (User
36282-2,CT Internal auditory canal WO and W contrast IV,CT telinga dalam nonkontras diikuti dengan kontras IV,Radiologi,Permintaan & Hasil,bag1/Example LOINC Terminology (User
36460-4,CT Thigh WO contrast,CT thigh nonkontras,Radiologi,Permintaan & Hasil,bag1/Example LOINC Terminology (User
42275-8,CT Chest and Abdomen W contrast IV,CT thorakoabdominal dengan kontras IV,Radiologi,Permintaan & Hasil,bag1/Example LOINC Terminology (User
24628-0,CT Chest W contrast IV,CT thorax dengan kontras IV,Radiologi,Permintaan & Hasil,bag1/Example LOINC Terminology (User
29252-4,CT Chest WO contrast,CT thorax nonkontras,Radiologi,Permintaan & Hasil,bag1/Example LOINC Terminology (User
30598-7,CT Chest WO and W contrast IV,CT thorax nonkontras diikuti dengan kontras IV,Radiologi,Permintaan & Hasil,bag1/Example LOINC Terminology (User
37283-9,CT Temporomandibular joint WO contrast,CT TMJ nonkontras,Radiologi,Permintaan & Hasil,bag1/Example LOINC Terminology (User
87866-0,CT Kidney and Ureter and Urinary bladder WO and W contrast IV,CT urografi dengan kontras IV,Radiologi,Permintaan & Hasil,bag1/Example LOINC Terminology (User
30600-1,CT Small bowel W positive contrast via enteroclysis tube,CT usus halus melalui tabung enteroklisis,Radiologi,Permintaan & Hasil,bag1/Example LOINC Terminology (User
86985-9,CT Cervical and thoracic spine W contrast IV,CT vertebra cervical dan thoracic kontras IV,Radiologi,Permintaan & Hasil,bag1/Example LOINC Terminology (User
83304-6,CT Cervical and thoracic spine WO contrast,CT vertebra cervical dan thoracic nonkontras,Radiologi,Permintaan & Hasil,bag1/Example LOINC Terminology (User
24934-2,CT Cervical spine W contrast IT,CT vertebra cervical dengan kontras IT,Radiologi,Permintaan & Hasil,bag1/Example LOINC Terminology (User
24933-4,CT Cervical spine W contrast IV,CT vertebra cervical dengan kontras IV,Radiologi,Permintaan & Hasil,bag1/Example LOINC Terminology (User
30592-0,CT Cervical spine WO contrast,CT vertebra cervical nonkontras,Radiologi,Permintaan & Hasil,bag1/Example LOINC Terminology (User
36401-8,CT Cervical spine WO and W contrast IV,CT vertebra cervical nonkontras diikuti dengan kontras IV,Radiologi,Permintaan & Hasil,bag1/Example LOINC Terminology (User
86959-4,CT Cervical and thoracic spine WO and W contrast IV,CT vertebra cerviothoracal dengan kontras IV,Radiologi,Permintaan & Hasil,bag1/Example LOINC Terminology (User
83304-6,CT Cervical and thoracic spine WO contrast,CT vertebra cerviothoracal nonkontras,Radiologi,Permintaan & Hasil,bag1/Example LOINC Terminology (User
24965-6,CT Lumbar spine W contrast IT,CT vertebra lumbal dengan kontras IT,Radiologi,Permintaan & Hasil,bag1/Example LOINC Terminology (User
24964-9,CT Lumbar spine W contrast IV,CT vertebra lumbal dengan kontras IV,Radiologi,Permintaan & Hasil,bag1/Example LOINC Terminology (User
30620-9,CT Lumbar spine WO contrast,CT vertebra lumbal nonkontras,Radiologi,Permintaan & Hasil,bag1/Example LOINC Terminology (User
44114-7,CT Lumbar spine WO and W contrast IT,CT vertebra lumbal nonkontras diikuti dengan kontras IT,Radiologi,Permintaan & Hasil,bag1/Example LOINC Terminology (User
36402-6,CT Lumbar spine WO and W contrast IV,CT vertebra lumbal tanpa kontras diikuti dengan kontras IV,Radiologi,Permintaan & Hasil,bag1/Example LOINC Terminology (User
82697-4,CT Spine Lumbar and Sacrum WO contrast,CT vertebra lumbar dan sacrum nonkontras,Radiologi,Permintaan & Hasil,bag1/Example LOINC Terminology (User
82696-6,CT Spine Lumbar and Sacrum W contrast IV,CT vertebra lumbosacral dengan kontras,Radiologi,Permintaan & Hasil,bag1/Example LOINC Terminology (User
82697-4,CT Spine Lumbar and Sacrum WO contrast,CT vertebra lumbosacral nonkontras,Radiologi,Permintaan & Hasil,bag1/Example LOINC Terminology (User
30596-1,CT Thoracic spine W contrast IT,CT vertebra thoracal dengan kontras IT,Radiologi,Permintaan & Hasil,bag1/Example LOINC Terminology (User
24979-7,CT Thoracic spine W contrast IV,CT vertebra thoracal dengan kontras IV,Radiologi,Permintaan & Hasil,bag1/Example LOINC Terminology (User
30597-9,CT Thoracic spine WO contrast,CT vertebra thoracal nonkontras,Radiologi,Permintaan & Hasil,bag1/Example LOINC Terminology (User
44113-9,CT Thoracic spine WO and W contrast IT,CT vertebra thoracal nonkontras diikuti dengan kontras IT,Radiologi,Permintaan & Hasil,bag1/Example LOINC Terminology (User
36403-4,CT Thoracic spine WO and W contrast IV,CT vertebra thoracal nonkontras diikuti dengan kontras IV,Radiologi,Permintaan & Hasil,bag1/Example LOINC Terminology (User
83294-9,CT Thoracic and lumbar spine W contrast IV,CT vertebra thoracolumbar dengan kontras IV,Radiologi,Permintaan & Hasil,bag1/Example LOINC Terminology (User
83310-3,CT Thoracic and lumbar spine WO contrast,CT vertebra thoracolumbar nonkontras,Radiologi,Permintaan & Hasil,bag1/Example LOINC Terminology (User
18744-3,Bronchoscopy study,CT virtual bronchoscopy / thorax-nonkontras,Radiologi,Permintaan & Hasil,bag1/Example LOINC Terminology (User
37447-0,CT Wrist W contrast IV,CT wrist dengan kontras IV,Radiologi,Permintaan & Hasil,bag1/Example LOINC Terminology (User
37459-5,CT Wrist WO contrast,CT wrist nonkontras,Radiologi,Permintaan & Hasil,bag1/Example LOINC Terminology (User
82679-2,CTA Abdominal vessels and Pelvis vessels WO and W contrast IV,CTA abdomen dan pelvis nonkontras diikuti dengan kontras IV,Radiologi,Permintaan & Hasil,bag1/Example LOINC Terminology (User
30805-6,CTA Abdominal vessels WO and W contrast IV,CTA abdomen nonkontras diikuti dengan kontras IV,Radiologi,Permintaan & Hasil,bag1/Example LOINC Terminology (User
78037-9,CTA Abdominal Aorta and Bilateral Runoff Vessels W contrast IV,CTA aorta abdominalis dan iliofemoral bilateral dengan kontras IV,Radiologi,Permintaan & Hasil,bag1/Example LOINC Terminology (User
78031-2,CTA Abdominal Aorta and Bilateral Runoff Vessels WO and W contrast IV,CTA aorta abdominalis dan iliofemoral bilateral non kontras diikuti dengan kontras IV,Radiologi,Permintaan & Hasil,bag1/Example LOINC Terminology (User
36146-9,CTA Carotid artery W contrast IV,CTA carotis dengan kontras IV,Radiologi,Permintaan & Hasil,bag1/Example LOINC Terminology (User
36830-8,CTA Head vessels W contrast IV,CTA cerebral,Radiologi,Permintaan & Hasil,bag1/Example LOINC Terminology (User
37498-3,CTA Head vessels and Neck vessels W contrast IV,CTA cerebral dan carotis,Radiologi,Permintaan & Hasil,bag1/Example LOINC Terminology (User
42295-6,CTA Upper extremity vessels W contrast IV,CTA ekstremitas atas dengan kontras IV,Radiologi,Permintaan & Hasil,bag1/Example LOINC Terminology (User
36421-6,CTA Upper extremity vessels WO and W contrast IV,CTA ekstremitas atas nonkontras diikuti dengan kontras IV,Radiologi,Permintaan & Hasil,bag1/Example LOINC Terminology (User
87845-4,CTA Lower extremity vessels,CTA ekstremitas bawah,Radiologi,Permintaan & Hasil,bag1/Example LOINC Terminology (User
30807-2,CTA Lower extremity vessels WO and W contrast IV,CTA ekstremitas bawah nonkontras dilanjutkan dengan kontras IV,Radiologi,Permintaan & Hasil,bag1/Example LOINC Terminology (User
36831-6,CTA Lower extremity vessels W contrast IV,CTA ekstremitas bawah W contrast IV,Radiologi,Permintaan & Hasil,bag1/Example LOINC Terminology (User
79073-3,CTA Heart and Coronary arteries W contrast IV,CTA jantung dan arteri koroner dengan kontras IV,Radiologi,Permintaan & Hasil,bag1/Example LOINC Terminology (User
30593-8,CTA Head vessels WO and W contrast IV,CTA kepala nonkontras diikuti dengan kontras IV,Radiologi,Permintaan & Hasil,bag1/Example LOINC Terminology (User
30594-6,CTA Neck vessels WO and W contrast IV,CTA leher nonkontras diikuti dengan kontras IV,Radiologi,Permintaan & Hasil,bag1/Example LOINC Terminology (User
30623-3,CTA Pelvis vessels WO and W contrast IV,CTA pelvis nonkontras diikuti dengan kontras IV,Radiologi,Permintaan & Hasil,bag1/Example LOINC Terminology (User
30804-9,CTA Chest vessels WO and W contrast IV,CTA thorax nonkontras diikuti dengan kontras IV,Radiologi,Permintaan & Hasil,bag1/Example LOINC Terminology (User
89851-0,CTA Unspecified body region limited,CTA untuk perencanaan tindakan bedah,Radiologi,Permintaan & Hasil,bag1/Example LOINC Terminology (User
72139-9,DBT Breast - bilateral diagnostic,DBT diagnostik bilateral,Radiologi,Permintaan & Hasil,bag1/Example LOINC Terminology (User
86462-9,DBT Breast - unilateral,DBT diagnostik unilateral,Radiologi,Permintaan & Hasil,bag1/Example LOINC Terminology (User
72142-3,DBT Breast - bilateral screening,DBT skrining bilateral,Radiologi,Permintaan & Hasil,bag1/Example LOINC Terminology (User
97101-0,Flexible sigmoidoscopy+US Study,Flexible sigmoidoscopy dengan lower endoscopic ultrasound,Radiologi,Permintaan & Hasil,bag1/Example LOINC Terminology (User
87167-3,Guidance for transcatheter biopsy,Guidance biopsi transkateter,Radiologi,Permintaan & Hasil,bag1/Example LOINC Terminology (User
88930-3,Guidance for dilation of stricture and placement of stent of Biliary ducts-- W contrast IV,"Guidance pelebaran perkutaneus transhepatik striktur duktus biliaris, dengan atau tanpa pemasangan stent",Radiologi,Permintaan & Hasil,bag1/Example LOINC Terminology (User
87093-1,Guidance for removal of venous filter from Inferior vena cava,Guidance pelepasan filter vena pada vena cava inferior,Radiologi,Permintaan & Hasil,bag1/Example LOINC Terminology (User
87126-9,Guidance for removal of venous filter from Superior vena cava,Guidance pelepasan filter vena pada vena cava superior,Radiologi,Permintaan & Hasil,bag1/Example LOINC Terminology (User
87092-3,Guidance for placement of venous filter in Inferior vena cava,Guidance pemasangan filter inferior vena cava perkutaneus,Radiologi,Permintaan & Hasil,bag1/Example LOINC Terminology (User
87128-5,Guidance for placement of venous filter in Superior vena cava,Guidance pemasangan filter superior vena cava perkutaneus,Radiologi,Permintaan & Hasil,bag1/Example LOINC Terminology (User
87190-5,Guidance for percutaneous placement of nephroureteral stent of Kidney and Ureter and Urinary bladder,Guidance pemasangan kateter atau stent ureter melalui pelvis renalis secara perkutan untuk injeksi atau drainase;,Radiologi,Permintaan & Hasil,bag1/Example LOINC Terminology (User
87066-7,Guidance for percutaneous placement of nephrostomy tube of Kidney,Guidance pemasangan nefrostomi perkutan,Radiologi,Permintaan & Hasil,bag1/Example LOINC Terminology (User
88938-6,Guidance for placement of stent in Ureter,Guidance pemasanganan stent ureter,Radiologi,Permintaan & Hasil,bag1/Example LOINC Terminology (User
87094-9,Guidance for reposition of venous filter in Inferior vena cava,Guidance reposisi filter vena pada vena cava inferior,Radiologi,Permintaan & Hasil,bag1/Example LOINC Terminology (User
87127-7,Guidance for reposition of venous filter in Superior vena cava,Guidance reposisi filter vena pada vena cava superior,Radiologi,Permintaan & Hasil,bag1/Example LOINC Terminology (User
87202-8,Guidance for venous sampling of Vein,Guidance untuk sampling vena,Radiologi,Permintaan & Hasil,bag1/Example LOINC Terminology (User
36626-0,MG Breast - bilateral Views,MG bilateral,Radiologi,Permintaan & Hasil,bag1/Example LOINC Terminology (User
39148-2,MG Breast duct Views W contrast intra multiple ducts,MG duktogram dengan kontras ID lebih dari satu duktus payudara,Radiologi,Permintaan & Hasil,bag1/Example LOINC Terminology (User
39054-2,MG Breast duct Views W contrast intra duct,MG duktogram dengan kontras ID satu duktus payudara,Radiologi,Permintaan & Hasil,bag1/Example LOINC Terminology (User
24603-3,MG stereo Guidance for biopsy of Breast,MG guidance stereotaktik untuk biopsi payudara atau penempatan jarum,Radiologi,Permintaan & Hasil,bag1/Example LOINC Terminology (User
24602-5,MG Guidance for biopsy of Breast,MG guidance untuk biopsi payudara atau penempatan jarum,Radiologi,Permintaan & Hasil,bag1/Example LOINC Terminology (User
48735-5,MG Guidance for localization of Breast,MG guidance wire,Radiologi,Permintaan & Hasil,bag1/Example LOINC Terminology (User
37774-7,MG Breast - right Views,MG kanan,Radiologi,Permintaan & Hasil,bag1/Example LOINC Terminology (User
36627-8,MG Breast - left Views,MG kiri,Radiologi,Permintaan & Hasil,bag1/Example LOINC Terminology (User
26175-0,MG Breast - bilateral Screening,MG skrining bilateral,Radiologi,Permintaan & Hasil,bag1/Example LOINC Terminology (User
46338-0,MG Breast - unilateral Single view,MG unilateral,Radiologi,Permintaan & Hasil,bag1/Example LOINC Terminology (User
36134-5,MR Abdomen W contrast IV,MR abdomen atas dengan kontras,Radiologi,Permintaan & Hasil,bag1/Example LOINC Terminology (User
30668-8,MR Abdomen WO contrast,MR abdomen atas nonkontras,Radiologi,Permintaan & Hasil,bag1/Example LOINC Terminology (User
97393-3,MR Abdomen and Pelvis W contrast IV,MR abdomen bawah dan pelvis dengan kontras IV,Radiologi,Permintaan & Hasil,bag1/Example LOINC Terminology (User
97391-7,MR Abdomen and Pelvis WO contrast,MR abdomen bawah dan pelvis nonkontras IV,Radiologi,Permintaan & Hasil,bag1/Example LOINC Terminology (User
36134-5,MR Abdomen W contrast IV,MR abdomen bawah dengan kontras IV,Radiologi,Permintaan & Hasil,bag1/Example LOINC Terminology (User
36134-5,MR Abdomen W contrast IV,MR abdomen dengan kontras IV,Radiologi,Permintaan & Hasil,bag1/Example LOINC Terminology (User
30668-8,MR Abdomen WO contrast,MR abdomen nonkontras,Radiologi,Permintaan & Hasil,bag1/Example LOINC Terminology (User
24557-1,MR Abdomen WO and W contrast IV,MR abdomen nonkontras diikuti dengan kontras IV,Radiologi,Permintaan & Hasil,bag1/Example LOINC Terminology (User
39141-7,MR Bone marrow,MR aliran darah sumsum tulang,Radiologi,Permintaan & Hasil,bag1/Example LOINC Terminology (User
24590-2,MR Brain,MR brain,Radiologi,Permintaan & Hasil,bag1/Example LOINC Terminology (User
24748-6,MR Heart,MR cardiac,Radiologi,Permintaan & Hasil,bag1/Example LOINC Terminology (User
36197-2,MR Heart W contrast IV,MR cardiac dengan kontras IV,Radiologi,Permintaan & Hasil,bag1/Example LOINC Terminology (User
58750-1,MR Heart W stress,MR cardiac dengan stress imaging,Radiologi,Permintaan & Hasil,bag1/Example LOINC Terminology (User
36482-8,MR Heart WO contrast,MR cardiac nonkontras,Radiologi,Permintaan & Hasil,bag1/Example LOINC Terminology (User
95923-9,MR Heart W stress and W contrast IV,MR cardiac nonkontras stress imaging diikuti dengan kontras IV,Radiologi,Permintaan & Hasil,bag1/Example LOINC Terminology (User
39140-9,MR Heart cine for blood flow velocity mapping,MR cardiac untuk mapping kecepatan aliran,Radiologi,Permintaan & Hasil,bag1/Example LOINC Terminology (User
36155-0,MR Internal auditory canal W contrast IV,MR CISS/cochlea dengan kontras IV,Radiologi,Permintaan & Hasil,bag1/Example LOINC Terminology (User
30658-9,MR Internal auditory canal WO contrast,MR CISS/cochlea nonkontras,Radiologi,Permintaan & Hasil,bag1/Example LOINC Terminology (User
39037-7,MR Upper extremity W contrast IV,MR ekstremitas atas dengan kontras IV,Radiologi,Permintaan & Hasil,bag1/Example LOINC Terminology (User
39033-6,MR Upper extremity WO contrast,MR ekstremitas atas nonkontras,Radiologi,Permintaan & Hasil,bag1/Example LOINC Terminology (User
39034-4,MR Upper extremity WO and W contrast IV,MR ekstremitas atas nonkontras diikuti dengan kontras IV,Radiologi,Permintaan & Hasil,bag1/Example LOINC Terminology (User
39293-6,MR Lower extremity W contrast IV,MR ekstremitas bawah dengan kontras IV,Radiologi,Permintaan & Hasil,bag1/Example LOINC Terminology (User
39292-8,MR Lower extremity WO contrast,MR ekstremitas bawah nonkontras,Radiologi,Permintaan & Hasil,bag1/Example LOINC Terminology (User
39291-0,MR Lower extremity WO and W contrast IV,MR ekstremitas bawah nonkontras diikuti dengan kontras IV,Radiologi,Permintaan & Hasil,bag1/Example LOINC Terminology (User
58748-5,Functional MR Brain,MR functional brain nonkontras,Radiologi,Permintaan & Hasil,bag1/Example LOINC Terminology (User
24802-1,MR Knee,MR genu cartigram,Radiologi,Permintaan & Hasil,bag1/Example LOINC Terminology (User
39028-6,MR Guidance for needle localization of Unspecified body region,MR guidance untuk penempatan jarum,Radiologi,Permintaan & Hasil,bag1/Example LOINC Terminology (User
36238-4,MR Pituitary and Sella turcica W contrast IV,MR hipofisis dynamic dengan kontras IV,Radiologi,Permintaan & Hasil,bag1/Example LOINC Terminology (User
30666-2,MR Pituitary and Sella turcica WO contrast,MR hipofisis dynamic nonkontras,Radiologi,Permintaan & Hasil,bag1/Example LOINC Terminology (User
36091-7,MR Heart limited,MR jantung terbatas,Radiologi,Permintaan & Hasil,bag1/Example LOINC Terminology (User
36230-1,MR Larynx W contrast IV,MR laring kontras IV,Radiologi,Permintaan & Hasil,bag1/Example LOINC Terminology (User
48445-1,MR Larynx WO contrast,MR laring nonkontras,Radiologi,Permintaan & Hasil,bag1/Example LOINC Terminology (User
24841-9,MR Neck W contrast IV,MR leher (neck soft tissue) kontras IV,Radiologi,Permintaan & Hasil,bag1/Example LOINC Terminology (User
30660-5,MR Neck WO contrast,MR leher (neck soft tissue) nonkontras,Radiologi,Permintaan & Hasil,bag1/Example LOINC Terminology (User
36231-9,MR Liver W contrast IV,MR liver dengan kontras IV,Radiologi,Permintaan & Hasil,bag1/Example LOINC Terminology (User
91715-3,MR Spine Lumbar and Sacrum W contrast IV,MR lumbosacral dengan kontras IV,Radiologi,Permintaan & Hasil,bag1/Example LOINC Terminology (User
91717-9,MR Spine Lumbar and Sacrum WO contrast,MR lumbosacral nonkontras,Radiologi,Permintaan & Hasil,bag1/Example LOINC Terminology (User
48440-2,MR Skull base W contrast IV,MR mastoid dengan kontras,Radiologi,Permintaan & Hasil,bag1/Example LOINC Terminology (User
48687-8,MR Skull base WO contrast,MR mastoid nonkontras,Radiologi,Permintaan & Hasil,bag1/Example LOINC Terminology (User
37272-2,MR Mediastinum WO and W contrast IV,MR mediastinum dengan kontras,Radiologi,Permintaan & Hasil,bag1/Example LOINC Terminology (User
80495-5,MR Mediastinum WO contrast,MR mediastinum nonkontras,Radiologi,Permintaan & Hasil,bag1/Example LOINC Terminology (User
37272-2,MR Mediastinum WO and W contrast IV,MR mediastinum nonkontras diikuti dengan kontras IV,Radiologi,Permintaan & Hasil,bag1/Example LOINC Terminology (User
36233-5,MR Nasopharynx W contrast IV,MR nasofaring dengan kontras IV,Radiologi,Permintaan & Hasil,bag1/Example LOINC Terminology (User
36513-0,MR Nasopharynx WO contrast,MR nasofaring nonkontras,Radiologi,Permintaan & Hasil,bag1/Example LOINC Terminology (User
36820-9,MR Orbit W contrast IV,MR orbita dengan kontras IV,Radiologi,Permintaan & Hasil,bag1/Example LOINC Terminology (User
36872-0,MR Orbit WO contrast,MR orbita nonkontras,Radiologi,Permintaan & Hasil,bag1/Example LOINC Terminology (User
36842-3,MR Orbit WO and W contrast IV,MR orbita nonkontras dan diikuti dengan kontras IV,Radiologi,Permintaan & Hasil,bag1/Example LOINC Terminology (User
46321-6,MR Orbit and Face and Neck W contrast IV,"MR orbita, wajah, dan leher dengan kontras IV",Radiologi,Permintaan & Hasil,bag1/Example LOINC Terminology (User
46332-3,MR Orbit and Face and Neck WO contrast,"MR orbita, wajah, dan leher nonkontras",Radiologi,Permintaan & Hasil,bag1/Example LOINC Terminology (User
46310-9,MR Orbit and Face and Neck WO and W contrast IV,"MR orbita, wajah, dan leher nonkontras diikuti dengan kontras IV",Radiologi,Permintaan & Hasil,bag1/Example LOINC Terminology (User
43455-5,MR Oropharynx,MR orofaring dengan kontras,Radiologi,Permintaan & Hasil,bag1/Example LOINC Terminology (User
43455-5,MR Oropharynx,MR orofaring nonkontras,Radiologi,Permintaan & Hasil,bag1/Example LOINC Terminology (User
69211-1,MR Nasal bones,MR os nasal nonkontras,Radiologi,Permintaan & Hasil,bag1/Example LOINC Terminology (User
24589-4,MR Brain W contrast IV,MR otak dengan kontras IV,Radiologi,Permintaan & Hasil,bag1/Example LOINC Terminology (User
30657-1,MR Brain WO contrast,MR otak nonkontras,Radiologi,Permintaan & Hasil,bag1/Example LOINC Terminology (User
24587-8,MR Brain WO and W contrast IV,MR otak nonkontras diikuti dengan kontras IV,Radiologi,Permintaan & Hasil,bag1/Example LOINC Terminology (User
36096-6,MR Brain limited W contrast IV,MR otak terbatas dengan kontras IV,Radiologi,Permintaan & Hasil,bag1/Example LOINC Terminology (User
36105-5,MR Brain limited WO contrast,MR otak terbatas nonkontras,Radiologi,Permintaan & Hasil,bag1/Example LOINC Terminology (User
30795-9,MR Breast - bilateral,MR payudara bilateral,Radiologi,Permintaan & Hasil,bag1/Example LOINC Terminology (User
36150-1,MR Breast - bilateral W contrast IV,MR payudara bilateral dengan kontras IV,Radiologi,Permintaan & Hasil,bag1/Example LOINC Terminology (User
36437-2,MR Breast - bilateral WO contrast,MR payudara bilateral nonkontras,Radiologi,Permintaan & Hasil,bag1/Example LOINC Terminology (User
36436-4,MR Breast WO contrast,MR payudara nonkontras,Radiologi,Permintaan & Hasil,bag1/Example LOINC Terminology (User
36277-2,MR Breast - bilateral WO and W contrast IV,MR payudara nonkontras diikuti dengan kontras bilateral,Radiologi,Permintaan & Hasil,bag1/Example LOINC Terminology (User
46299-4,MR Breast - unilateral,MR payudara unilateral,Radiologi,Permintaan & Hasil,bag1/Example LOINC Terminology (User
46323-2,MR Breast - unilateral W contrast IV,MR payudara unilateral dengan kontras IV,Radiologi,Permintaan & Hasil,bag1/Example LOINC Terminology (User
46333-1,MR Breast - unilateral WO contrast,MR payudara unilateral nonkontras,Radiologi,Permintaan & Hasil,bag1/Example LOINC Terminology (User
43528-9,MR Breast - unilateral WO and W contrast IV,MR payudara unilateral nonkontras diikuti dengan kontras IV,Radiologi,Permintaan & Hasil,bag1/Example LOINC Terminology (User
36237-6,MR Pelvis W contrast IV,MR pelvis dengan kontras IV,Radiologi,Permintaan & Hasil,bag1/Example LOINC Terminology (User
30673-8,MR Pelvis WO contrast,MR pelvis nonkontras,Radiologi,Permintaan & Hasil,bag1/Example LOINC Terminology (User
30674-6,MR Pelvis WO and W contrast IV,MR pelvis nonkontras diikuti dengan kontras IV,Radiologi,Permintaan & Hasil,bag1/Example LOINC Terminology (User
25056-3,MR Unspecified body region,MR prosedur,Radiologi,Permintaan & Hasil,bag1/Example LOINC Terminology (User
36244-2,MR Prostate W contrast IV,MR prostat dengan kontras IV,Radiologi,Permintaan & Hasil,bag1/Example LOINC Terminology (User
36389-5,MR Prostate WO and W contrast IV,MR prostat dynamic nonkontras dengan kontras IV,Radiologi,Permintaan & Hasil,bag1/Example LOINC Terminology (User
36519-7,MR Prostate WO contrast,MR prostat nonkontras,Radiologi,Permintaan & Hasil,bag1/Example LOINC Terminology (User
36061-0,MR Scapula,MR scapula bilateral nonkontras,Radiologi,Permintaan & Hasil,bag1/Example LOINC Terminology (User
36061-0,MR Scapula,MR scapula nonkontras,Radiologi,Permintaan & Hasil,bag1/Example LOINC Terminology (User
36216-0,MR Upper extremity.joint W contrast IV,MR sendi ekstremitas atas dengan kontras IV,Radiologi,Permintaan & Hasil,bag1/Example LOINC Terminology (User
36500-7,MR Upper extremity.joint WO contrast,MR sendi ekstremitas atas nonkontras,Radiologi,Permintaan & Hasil,bag1/Example LOINC Terminology (User
36374-7,MR Upper extremity.joint WO and W contrast IV,MR sendi ekstremitas atas nonkontras diikuti dengan kontras IV,Radiologi,Permintaan & Hasil,bag1/Example LOINC Terminology (User
69210-3,MR Lower Extremity Joint Arthrogram,MR sendi ekstremitas bawah arthrogram,Radiologi,Permintaan & Hasil,bag1/Example LOINC Terminology (User
36213-7,MR Lower Extremity Joint W contrast IV,MR sendi ekstremitas bawah dengan kontras IV,Radiologi,Permintaan & Hasil,bag1/Example LOINC Terminology (User
36497-6,MR Lower Extremity Joint WO contrast,MR sendi ekstremitas bawah nonkontras,Radiologi,Permintaan & Hasil,bag1/Example LOINC Terminology (User
36371-3,MR Lower Extremity Joint WO and W contrast IV,MR sendi ekstremitas bawah nonkontras diikuti dengan kontras IV,Radiologi,Permintaan & Hasil,bag1/Example LOINC Terminology (User
24999-5,MR Temporomandibular joint,MR sendi temporomandibula,Radiologi,Permintaan & Hasil,bag1/Example LOINC Terminology (User
24915-1,MR Sinuses W contrast IV,MR sinus paranasal dengan kontras IV,Radiologi,Permintaan & Hasil,bag1/Example LOINC Terminology (User
30662-1,MR Sinuses WO contrast,MR sinus paranasal nonkontras,Radiologi,Permintaan & Hasil,bag1/Example LOINC Terminology (User
37443-9,MR spectroscopy Unspecified body region,MR spectroscopy mammae dengan kontras,Radiologi,Permintaan & Hasil,bag1/Example LOINC Terminology (User
37443-9,MR spectroscopy Unspecified body region,MR spectroscopy mammae nonkontras,Radiologi,Permintaan & Hasil,bag1/Example LOINC Terminology (User
37443-9,MR spectroscopy Unspecified body region,MR spectroscopy prostat,Radiologi,Permintaan & Hasil,bag1/Example LOINC Terminology (User
37443-9,MR spectroscopy Unspecified body region,MR spektroscopy,Radiologi,Permintaan & Hasil,bag1/Example LOINC Terminology (User
37244-1,MR Temporomandibular joint W contrast IV,MR tempora mandibula joint (TMJ) dengan kontras IV,Radiologi,Permintaan & Hasil,bag1/Example LOINC Terminology (User
37284-7,MR Temporomandibular joint WO contrast,MR tempora mandibula joint (TMJ) nonkontras,Radiologi,Permintaan & Hasil,bag1/Example LOINC Terminology (User
36156-8,MR Chest W contrast IV,MR thoraks dengan kontras IV,Radiologi,Permintaan & Hasil,bag1/Example LOINC Terminology (User
36442-2,MR Chest WO contrast,MR thoraks nonkontras,Radiologi,Permintaan & Hasil,bag1/Example LOINC Terminology (User
48447-7,MR Cervical spine W contrast IT,MR vertebra cervical dengan kontras IT,Radiologi,Permintaan & Hasil,bag1/Example LOINC Terminology (User
24938-3,MR Cervical spine W contrast IV,MR vertebra cervical dengan kontras IV,Radiologi,Permintaan & Hasil,bag1/Example LOINC Terminology (User
30667-0,MR Cervical spine WO contrast,MR vertebra cervical nonkontras,Radiologi,Permintaan & Hasil,bag1/Example LOINC Terminology (User
48450-1,MR Cervical spine WO and W contrast IT,MR vertebra cervical nonkontras diikuti dengan kontras IT,Radiologi,Permintaan & Hasil,bag1/Example LOINC Terminology (User
24937-5,MR Cervical spine WO and W contrast IV,MR vertebra cervical nonkontras diikuti dengan kontras IV,Radiologi,Permintaan & Hasil,bag1/Example LOINC Terminology (User
48436-0,MR Lumbar spine W contrast IT,MR vertebra lumbal dengan kontras IT,Radiologi,Permintaan & Hasil,bag1/Example LOINC Terminology (User
30678-7,MR Lumbar spine W contrast IV,MR vertebra lumbal dengan kontras IV,Radiologi,Permintaan & Hasil,bag1/Example LOINC Terminology (User
30679-5,MR Lumbar spine WO contrast,MR vertebra lumbal nonkontras,Radiologi,Permintaan & Hasil,bag1/Example LOINC Terminology (User
48452-7,MR Lumbar spine WO and W contrast IT,MR vertebra lumbal nonkontras diikuti dengan kontras IT,Radiologi,Permintaan & Hasil,bag1/Example LOINC Terminology (User
24967-2,MR Lumbar spine WO and W contrast IV,MR vertebra lumbal nonkontras diikuti dengan kontras IV,Radiologi,Permintaan & Hasil,bag1/Example LOINC Terminology (User
48439-4,MR Thoracic spine W contrast IT,MR vertebra thoracal dengan kontras IT,Radiologi,Permintaan & Hasil,bag1/Example LOINC Terminology (User
24982-1,MR Thoracic spine W contrast IV,MR vertebra thoracal dengan kontras IV,Radiologi,Permintaan & Hasil,bag1/Example LOINC Terminology (User
36532-0,MR Thoracic spine WO contrast,MR vertebra thoracal nonkontras,Radiologi,Permintaan & Hasil,bag1/Example LOINC Terminology (User
48441-0,MR Thoracic spine WO and W contrast IT,MR vertebra thoracal nonkontras diikuti dengan kontras IT,Radiologi,Permintaan & Hasil,bag1/Example LOINC Terminology (User
24981-3,MR Thoracic spine WO and W contrast IV,MR vertebra thoracal nonkontras diikuti dengan kontras IV,Radiologi,Permintaan & Hasil,bag1/Example LOINC Terminology (User
94088-2,MR Thoracic and lumbar spine WO and W contrast,MR vertebra thoracolumbal nonkontras diikuti dengan kontras,Radiologi,Permintaan & Hasil,bag1/Example LOINC Terminology (User
38061-8,MR Spine Cervical and Spine Thoracic and Spine Lumbar and Sacrum W contrast IV,MR whole spine nonkontras,Radiologi,Permintaan & Hasil,bag1/Example LOINC Terminology (User
36791-2,MRA Abdominal vessels,MRA abdomen,Radiologi,Permintaan & Hasil,bag1/Example LOINC Terminology (User
24533-2,MRA Abdominal vessels W contrast IV,MRA abdomen dengan kontras IV,Radiologi,Permintaan & Hasil,bag1/Example LOINC Terminology (User
36878-7,MRA Abdominal vessels WO contrast,MRA abdomen nonkontras,Radiologi,Permintaan & Hasil,bag1/Example LOINC Terminology (User
36855-5,MRA Abdominal vessels WO and W contrast IV,MRA abdomen nonkontras diikuti dengan kontras IV,Radiologi,Permintaan & Hasil,bag1/Example LOINC Terminology (User
36272-3,MRA Abdominal Aorta WO and W contrast IV,MRA aorta abdominalis dengan kontras,Radiologi,Permintaan & Hasil,bag1/Example LOINC Terminology (User
36432-3,MRA Abdominal Aorta WO contrast,MRA aorta abdominalis nonkontras,Radiologi,Permintaan & Hasil,bag1/Example LOINC Terminology (User
36272-3,MRA Abdominal Aorta WO and W contrast IV,MRA aorta abdominalis nonkontras diikuti dengan kontras IV,Radiologi,Permintaan & Hasil,bag1/Example LOINC Terminology (User
80502-8,MRA Abdominal Aorta and Bilateral Runoff Vessels WO and W contrast IV,MRA aorta abdominalis nonkontras diikuti dengan kontras IV bilateral,Radiologi,Permintaan & Hasil,bag1/Example LOINC Terminology (User
99609-0,MRA Thoracic Aorta W contrast IV,MRA aorta thoracalis dengan kontras IV,Radiologi,Permintaan & Hasil,bag1/Example LOINC Terminology (User
36433-1,MRA Thoracic Aorta WO contrast,MRA aorta thoracalis nonkontras,Radiologi,Permintaan & Hasil,bag1/Example LOINC Terminology (User
24593-6,MRA Head vessels W contrast IV,MRA brain dengan kontras IV,Radiologi,Permintaan & Hasil,bag1/Example LOINC Terminology (User
36881-1,MRA Head vessels WO contrast,MRA brain nonkontras,Radiologi,Permintaan & Hasil,bag1/Example LOINC Terminology (User
30859-3,MRA Carotid vessels and Neck vessels,MRA carotis dengan kontras,Radiologi,Permintaan & Hasil,bag1/Example LOINC Terminology (User
30859-3,MRA Carotid vessels and Neck vessels,MRA carotis nonkontras,Radiologi,Permintaan & Hasil,bag1/Example LOINC Terminology (User
36084-2,MRA Upper extremity vessels,MRA ekstremitas atas,Radiologi,Permintaan & Hasil,bag1/Example LOINC Terminology (User
36422-4,MRA Upper extremity vessels WO and W contrast IV,MRA ekstremitas atas nonkontras diikuti dengan kontras IV,Radiologi,Permintaan & Hasil,bag1/Example LOINC Terminology (User
30874-2,MRA Lower extremity vessels,MRA ekstremitas bawah,Radiologi,Permintaan & Hasil,bag1/Example LOINC Terminology (User
44128-7,MRA Lower extremity vessels WO and W contrast IV,MRA ekstremitas bawah nonkontras diikuti dengan kontras IV,Radiologi,Permintaan & Hasil,bag1/Example LOINC Terminology (User
24593-6,MRA Head vessels W contrast IV,MRA kepala dengan kontras IV,Radiologi,Permintaan & Hasil,bag1/Example LOINC Terminology (User
36881-1,MRA Head vessels WO contrast,MRA kepala nonkontras,Radiologi,Permintaan & Hasil,bag1/Example LOINC Terminology (User
36857-1,MRA Head vessels WO and W contrast IV,MRA kepala nonkontras diikuti dengan kontras IV,Radiologi,Permintaan & Hasil,bag1/Example LOINC Terminology (User
24844-3,MRA Neck vessels W contrast IV,MRA leher dengan kontras IV,Radiologi,Permintaan & Hasil,bag1/Example LOINC Terminology (User
36549-4,MRA Neck vessels WO contrast,MRA leher nonkontras,Radiologi,Permintaan & Hasil,bag1/Example LOINC Terminology (User
36423-2,MRA Neck vessels WO and W contrast IV,MRA leher nonkontras diikuti dengan kontras IV,Radiologi,Permintaan & Hasil,bag1/Example LOINC Terminology (User
30867-6,MRA Pelvis vessels,MRA pelvis,Radiologi,Permintaan & Hasil,bag1/Example LOINC Terminology (User
24873-2,MRA Pelvis vessels W contrast IV,MRA pelvis dengan kontras IV,Radiologi,Permintaan & Hasil,bag1/Example LOINC Terminology (User
36863-9,MRA Pelvis vessels WO and W contrast IV,MRA pelvis nonkontras diikuti dengan kontras IV,Radiologi,Permintaan & Hasil,bag1/Example LOINC Terminology (User
36803-5,MRA Pulmonary vessels,MRA pulmonal artery nonkontras,Radiologi,Permintaan & Hasil,bag1/Example LOINC Terminology (User
30862-7,MRA Chest vessels,MRA thorax,Radiologi,Permintaan & Hasil,bag1/Example LOINC Terminology (User
24659-5,MRA Chest vessels W contrast IV,MRA thorax dengan kontras IV,Radiologi,Permintaan & Hasil,bag1/Example LOINC Terminology (User
36547-8,MRA Chest vessels WO contrast,MRA thorax nonkontras,Radiologi,Permintaan & Hasil,bag1/Example LOINC Terminology (User
37497-5,MRA Spine vessels,MRA vertebra,Radiologi,Permintaan & Hasil,bag1/Example LOINC Terminology (User
37506-3,MRA Cervical spine vessels WO and W contrast IV,MRA vertebra cervical nonkontras diikuti dengan kontras IV,Radiologi,Permintaan & Hasil,bag1/Example LOINC Terminology (User
37500-6,MRA Spine vessels W contrast IV,MRA vertebra dengan kontras IV,Radiologi,Permintaan & Hasil,bag1/Example LOINC Terminology (User
37507-1,MRA Lumbar spine vessels WO and W contrast IV,MRA vertebra lumbar nonkontras diikuti dengan kontras IV,Radiologi,Permintaan & Hasil,bag1/Example LOINC Terminology (User
37510-5,MRA Spine vessels WO contrast,MRA vertebra nonkontras,Radiologi,Permintaan & Hasil,bag1/Example LOINC Terminology (User
37505-5,MRA Spine vessels WO and W contrast IV,MRA vertebra nonkontras diikuti dengan kontras IV,Radiologi,Permintaan & Hasil,bag1/Example LOINC Terminology (User
49565-5,MRA Thoracic spine vessels,MRA vertebra thoracal,Radiologi,Permintaan & Hasil,bag1/Example LOINC Terminology (User
37503-0,MRA Thoracic spine vessels W contrast IV,MRA vertebra thoracal dengan kontras IV,Radiologi,Permintaan & Hasil,bag1/Example LOINC Terminology (User
37512-1,MRA Thoracic spine vessels WO contrast,MRA vertebra thoracal nonkontras,Radiologi,Permintaan & Hasil,bag1/Example LOINC Terminology (User
37508-9,MRA Thoracic spine vessels WO and W contrast IV,MRA vertebra thoracal nonkontras diikuti dengan kontras IV,Radiologi,Permintaan & Hasil,bag1/Example LOINC Terminology (User
44131-1,MRA Thoracic and abdominal aorta WO and W contrast IV,MRA whole aorta dengan kontras IV,Radiologi,Permintaan & Hasil,bag1/Example LOINC Terminology (User
44132-9,MRA Thoracic and abdominal aorta WO contrast,MRA whole aorta nonkontras,Radiologi,Permintaan & Hasil,bag1/Example LOINC Terminology (User
58740-2,MRCP Abdomen WO contrast,MRCP abdomen atas nonkontras,Radiologi,Permintaan & Hasil,bag1/Example LOINC Terminology (User
72248-8,MRCP Abdomen WO and W contrast IV,MRCP abdomen atas nonkontras diikuti dengan kontras IV,Radiologi,Permintaan & Hasil,bag1/Example LOINC Terminology (User
58740-2,MRCP Abdomen WO contrast,MRCP abdomen nonkontras,Radiologi,Permintaan & Hasil,bag1/Example LOINC Terminology (User
72248-8,MRCP Abdomen WO and W contrast IV,MRCP abdomen nonkontras diikuti dengan kontras IV,Radiologi,Permintaan & Hasil,bag1/Example LOINC Terminology (User
24776-7,NM Kidney Views,NM renogram/GFR,Kedokteran Nuklir,Permintaan & Hasil,bag1/Example LOINC Terminology (User
39747-1,NM Salivary gland Views,NM Salivary scan,Kedokteran Nuklir,Permintaan & Hasil,bag1/Example LOINC Terminology (User
30899-9,Blood volume by Scintigraphy,Penentuan volume whole blood dengan scintigrafi,Radiologi,Hasil,bag1/Example LOINC Terminology (User
86387-8,RF Kidney and Ureter and Urinary bladder Views W contrast antegrade,RF APG ( antegrade pyelography ) kontras,Radiologi,Permintaan & Hasil,bag1/Example LOINC Terminology (User
37191-4,RF Joint Arthrogram,RF artrografi,Radiologi,Permintaan & Hasil,bag1/Example LOINC Terminology (User
24910-2,RF Shoulder Arthrogram,RF artrografi bahu,Radiologi,Permintaan & Hasil,bag1/Example LOINC Terminology (User
24764-3,RF Hip Arthrogram,RF artrografi coxae,Radiologi,Permintaan & Hasil,bag1/Example LOINC Terminology (User
37186-4,RF Elbow Arthrogram,RF artrografi cubiti,Radiologi,Permintaan & Hasil,bag1/Example LOINC Terminology (User
24800-5,RF Knee Arthrogram,RF artrografi genu,Radiologi,Permintaan & Hasil,bag1/Example LOINC Terminology (User
37183-1,RF Ankle Arthrogram,RF artrografi pergelangan kaki,Radiologi,Permintaan & Hasil,bag1/Example LOINC Terminology (User
25034-0,RF Wrist Arthrogram,RF artrografi pergelangan tangan,Radiologi,Permintaan & Hasil,bag1/Example LOINC Terminology (User
37647-5,RF Sacroiliac Joint Arthrogram,RF artrografi sakroiliaka,Radiologi,Permintaan & Hasil,bag1/Example LOINC Terminology (User
37901-6,RF Temporomandibular joint Arthrogram,RF artrografi sendi temporomandibula,Radiologi,Permintaan & Hasil,bag1/Example LOINC Terminology (User
86372-0,RF Kidney and Ureter and Urinary bladder Views W contrast IV,RF BNO - IVP W kontras,Radiologi,Permintaan & Hasil,bag1/Example LOINC Terminology (User
30647-2,RF Biliary ducts and Gallbladder Views W contrast via T-tube,RF Cholangiografi T. tube W kontras,Radiologi,Permintaan & Hasil,bag1/Example LOINC Terminology (User
24666-0,RF Colon Views W air and barium contrast PR,RF Colon in loop,Radiologi,Permintaan & Hasil,bag1/Example LOINC Terminology (User
24666-0,RF Colon Views W air and barium contrast PR,RF Colon in loop water soluble,Radiologi,Permintaan & Hasil,bag1/Example LOINC Terminology (User
37586-5,RF Penis Views W contrast intra corpus cavernosum,RF Corpora cavernosografi,Radiologi,Permintaan & Hasil,bag1/Example LOINC Terminology (User
86401-7,RF Urinary bladder Views W contrast intra bladder,RF Cystogram W kontras intrabladder,Radiologi,Permintaan & Hasil,bag1/Example LOINC Terminology (User
25017-5,RF Urinary bladder and Urethra Views W contrast intra bladder,RF Cystourethrography,Radiologi,Permintaan & Hasil,bag1/Example LOINC Terminology (User
38098-0,RF Lacrimal duct - bilateral Views W contrast intra lacrimal duct,RF Dacryocystography bilateral,Radiologi,Permintaan & Hasil,bag1/Example LOINC Terminology (User
38827-2,RF Lacrimal duct - right Views W contrast intra lacrimal duct,RF Dacryocystography kanan,Radiologi,Permintaan & Hasil,bag1/Example LOINC Terminology (User
38099-8,RF Lacrimal duct - left Views W contrast intra lacrimal duct,RF Dacryocystography kiri,Radiologi,Permintaan & Hasil,bag1/Example LOINC Terminology (User
30810-6,RF Lacrimal duct Views W contrast intra lacrimal duct,RF Dakriosistografi,Radiologi,Permintaan & Hasil,bag1/Example LOINC Terminology (User
37192-2,RF Cervical spine Views W contrast intradisc,RF diskografi cervikal,Radiologi,Permintaan & Hasil,bag1/Example LOINC Terminology (User
37193-0,RF Lumbar spine Views W contrast intradisc,RF diskografi lumbal,Radiologi,Permintaan & Hasil,bag1/Example LOINC Terminology (User
70933-7,RF Thoracic spine Views W contrast intradisc,RF Diskografi thorakal,Radiologi,Permintaan & Hasil,bag1/Example LOINC Terminology (User
30636-5,RF Colon Views for reduction W contrast PR,"RF Enema terapi, kontras atau udara, untuk reduksi intususepsi atau obstruksi intraluminal lain (seperti, ileus mekonium)",Radiologi,Permintaan & Hasil,bag1/Example LOINC Terminology (User
38104-6,RF Spine epidural space Views W contrast IT,RF Epidurografi,Radiologi,Permintaan & Hasil,bag1/Example LOINC Terminology (User
30815-5,RF Guidance for endoscopy of Biliary ducts and Pancreatic duct-- W contrast retrograde,RF ERCP (Endoscopic Retrograde Cholangiopancreatography) diagnostik dengan kontras,Radiologi,Permintaan & Hasil,bag1/Example LOINC Terminology (User
24678-5,RF Esophagus Views W contrast PO,RF Esofagografi,Radiologi,Permintaan & Hasil,bag1/Example LOINC Terminology (User
30633-2,RF Esophagus Views W barium contrast PO,RF esofagus (esofagogram),Radiologi,Permintaan & Hasil,bag1/Example LOINC Terminology (User
86395-1,RF videography Hypopharynx and Esophagus Views for swallowing function W speech and W barium contrast PO,RF Evaluasi faring dan bicara dinamik kompleks dengan cine atau rekaman video,Radiologi,Permintaan & Hasil,bag1/Example LOINC Terminology (User
86410-8,RF Pharynx and Cervical esophagus Views W barium contrast PO,RF faring dan esofagus servikal,Radiologi,Permintaan & Hasil,bag1/Example LOINC Terminology (User
86437-1,RF Fistula Diagnostic W contrast intra fistula,RF fistulogram,Radiologi,Permintaan & Hasil,bag1/Example LOINC Terminology (User
42702-1,RF Greater than 1 hour,RF Fluoroscopy dengan durasi lebih dari 1 jam,Radiologi,Permintaan & Hasil,bag1/Example LOINC Terminology (User
39027-8,RF Guidance for needle localization of Unspecified body region,RF Fluoroskopi untuk lokalisasi jarum atau kateter vertebra untuk diagnostik atau terapetik,Radiologi,Permintaan & Hasil,bag1/Example LOINC Terminology (User
35912-5,RF Guidance for placement of catheter in Unspecified body region,"RF Fluoroskopi untuk mencari akses dan pemasangan kateter, penggantian kateter, atau pelepasan kateter;",Radiologi,Permintaan & Hasil,bag1/Example LOINC Terminology (User
86400-9,RF Guidance for placement of needle in Unspecified body region,"RF Fluoroskopi untuk pemasangan jarum (contoh: biopsi, aspirasi, injeksi)",Radiologi,Permintaan & Hasil,bag1/Example LOINC Terminology (User
43574-3,RF Upper gastrointestinal tract and Small bowel Views W barium contrast PO,RF Followtrough,Radiologi,Permintaan & Hasil,bag1/Example LOINC Terminology (User
24681-9,RF videography Hypopharynx and Esophagus Views,"RF Fungsi menelan, dengan cineradiografi/videoradiografi",Radiologi,Permintaan & Hasil,bag1/Example LOINC Terminology (User
88834-7,"RF Guidance for dilation of nephrostomy tract, ureter, or urethra","RF Guidance dilatasi nefrostomi, ureter, atau uretra;",Radiologi,Permintaan & Hasil,bag1/Example LOINC Terminology (User
24680-1,RF Guidance for dilation of Esophagus,RF Guidance pelebaran esofagus,Radiologi,Permintaan & Hasil,bag1/Example LOINC Terminology (User
88834-7,"RF Guidance for dilation of nephrostomy tract, ureter, or urethra","RF guidance pelebaran nefrostomi, ureter, atau uretra",Radiologi,Permintaan & Hasil,bag1/Example LOINC Terminology (User
24779-1,RF Guidance for percutaneous placement of nephrostomy tube of Kidney - bilateral-- W contrast via tube,RF guidance pemasangan kateter intra pelvis renalis secara perkutan untuk injeksi atau drainase;,Radiologi,Permintaan & Hasil,bag1/Example LOINC Terminology (User
24570-4,RF Guidance for removal of calculus from Biliary duct common-- W contrast retrograde intra biliary,"RF guidance pengangkatan batu duktus biliaris pasca operasi, perkutaneus melalui saluran T-tube, basket, atau snare (seperti, teknik Burhenne),",Radiologi,Permintaan & Hasil,bag1/Example LOINC Terminology (User
30628-2,RF Guidance for removal of foreign body of Unspecified body region,RF Guidance pengangkatan benda asing esofagus,Radiologi,Permintaan & Hasil,bag1/Example LOINC Terminology (User
25022-5,RF Uterus and Fallopian tubes Views W contrast IU,RF Histerosalfingografi (HSG),Radiologi,Permintaan & Hasil,bag1/Example LOINC Terminology (User
24574-6,RF Biliary ducts and Gallbladder Views during surgery W contrast biliary duct,RF Intra-operatif cholangiografi,Radiologi,Permintaan & Hasil,bag1/Example LOINC Terminology (User
44214-5,RF Guidance for endoscopy of Biliary ducts-- W contrast retrograde,RF Kateterisasi endoskopi sistem duktus biliaris,Radiologi,Permintaan & Hasil,bag1/Example LOINC Terminology (User
44213-7,RF Guidance for endoscopy of Pancreatic duct-- W contrast retrograde,RF Kateterisasi endoskopi sistem duktus pankreatikus,Radiologi,Permintaan & Hasil,bag1/Example LOINC Terminology (User
86403-3,RF Guidance for placement of catheter in Fallopian tube,RF Kateterisasi transcervical tuba fallopii,Radiologi,Permintaan & Hasil,bag1/Example LOINC Terminology (User
24574-6,RF Biliary ducts and Gallbladder Views during surgery W contrast biliary duct,RF Kolangiografi dan pankreatografi intraoperatif,Radiologi,Permintaan & Hasil,bag1/Example LOINC Terminology (User
86376-1,RF Biliary ducts Views W contrast via existing catheter,RF Kolangiografi dan/atau pankreatografi melalui kateter yang telah ada,Radiologi,Permintaan & Hasil,bag1/Example LOINC Terminology (User
24575-3,RF Biliary ducts and Gallbladder Views W contrast percutaneous transhepatic,RF Kolangiografi perkutaneus transhepatik,Radiologi,Permintaan & Hasil,bag1/Example LOINC Terminology (User
44227-7,RF Colon Views W barium contrast PR,RF kolon dengan barium enema,Radiologi,Permintaan & Hasil,bag1/Example LOINC Terminology (User
30815-5,RF Guidance for endoscopy of Biliary ducts and Pancreatic duct-- W contrast retrograde,"RF Kombinasi kateterisasi endoskopi sistem duktus bilier dan pankreatikus,",Radiologi,Permintaan & Hasil,bag1/Example LOINC Terminology (User
48465-9,RF Larynx Views,RF Laringografi kontras,Radiologi,Permintaan & Hasil,bag1/Example LOINC Terminology (User
37567-5,RF Colon Views W contrast via colostomy,RF Lopografi,Radiologi,Permintaan & Hasil,bag1/Example LOINC Terminology (User
86379-5,RF Small bowel Views for loop diversion,RF Lopografi distal,Radiologi,Permintaan & Hasil,bag1/Example LOINC Terminology (User
86379-5,RF Small bowel Views for loop diversion,RF Lopografi proksimal,Radiologi,Permintaan & Hasil,bag1/Example LOINC Terminology (User
42459-8,RF Gastrointestinal tract upper Views W contrast PO,RF Maagduodenography,Radiologi,Permintaan & Hasil,bag1/Example LOINC Terminology (User
43559-4,RF Urinary bladder and Urethra Views W contrast intra bladder during voiding,RF MCU (Micturating Cysto Urethrography),Radiologi,Permintaan & Hasil,bag1/Example LOINC Terminology (User
24947-4,RF Cervical spine Views W contrast IT,RF Mielografi cervical,Radiologi,Permintaan & Hasil,bag1/Example LOINC Terminology (User
30808-0,RF Cervical and thoracic and lumbar spine Views W contrast IT,"RF Mielografi cervical, thoracal, lumbal",Radiologi,Permintaan & Hasil,bag1/Example LOINC Terminology (User
30811-4,RF Posterior fossa Views W contrast IT,RF mielografi fossa posterior dengan kontras IT,Radiologi,Permintaan & Hasil,bag1/Example LOINC Terminology (User
24974-8,RF Lumbar spine Views W contrast IT,RF Mielografi lumbal degan kontras,Radiologi,Permintaan & Hasil,bag1/Example LOINC Terminology (User
24974-8,RF Lumbar spine Views W contrast IT,RF Mielografi lumbosakral,Radiologi,Permintaan & Hasil,bag1/Example LOINC Terminology (User
38103-8,RF Spine Cervical and Spine Lumbar Views W contrast IT,RF Mielografi servikal & lumbal,Radiologi,Permintaan & Hasil,bag1/Example LOINC Terminology (User
24985-4,RF Thoracic spine Views W contrast IT,RF Mielografi torakal,Radiologi,Permintaan & Hasil,bag1/Example LOINC Terminology (User
42459-8,RF Gastrointestinal tract upper Views W contrast PO,RF OMD kontras,Radiologi,Permintaan & Hasil,bag1/Example LOINC Terminology (User
86413-2,RF Guidance for placement of long feeding tube in Gastrointestinal tract,"RF Pemasangan tabung gastrointestinal panjang (seperti Miller-Abbott), termasuk fluoroskopi dan film multipel,",Radiologi,Permintaan & Hasil,bag1/Example LOINC Terminology (User
86409-0,RF Rectum Views for rectal dysfunction W barium contrast PR,RF Rectografi,Radiologi,Permintaan & Hasil,bag1/Example LOINC Terminology (User
86388-6,RF Kidney and Ureter and Urinary bladder Views W contrast retrograde,RF RPG (Retrograde Pyelography) dengan kontras retrograde,Radiologi,Permintaan & Hasil,bag1/Example LOINC Terminology (User
24902-9,RF Salivary gland Views W contrast intra salivary duct,RF Sialografi,Radiologi,Permintaan & Hasil,bag1/Example LOINC Terminology (User
26067-9,RF Salivary gland - bilateral Views W contrast intra salivary duct,RF Sialografi bilateral,Radiologi,Permintaan & Hasil,bag1/Example LOINC Terminology (User
24912-8,RF Sinus tract Views W contrast intra sinus tract,RF sinus fistula atau abses dengan kontras intra sinus,Radiologi,Permintaan & Hasil,bag1/Example LOINC Terminology (User
86398-5,RF Cerebral cisterns Views W contrast IT,RF Sisternografi kontras IT,Radiologi,Permintaan & Hasil,bag1/Example LOINC Terminology (User
37569-1,RF Urinary bladder Views W contrast via suprapubic tube,RF Sistografi kontras suprapubik,Radiologi,Permintaan & Hasil,bag1/Example LOINC Terminology (User
25022-5,RF Uterus and Fallopian tubes Views W contrast IU,RF Sonde uterus,Radiologi,Permintaan & Hasil,bag1/Example LOINC Terminology (User
65799-9,RF Kidney - bilateral Single view for cyst,RF studi kista renal,Radiologi,Permintaan & Hasil,bag1/Example LOINC Terminology (User
24912-8,RF Sinus tract Views W contrast intra sinus tract,RF traktus sinus,Radiologi,Permintaan & Hasil,bag1/Example LOINC Terminology (User
25016-7,RF Urethra Views W contrast intra urethra,RF Urethrografi,Radiologi,Permintaan & Hasil,bag1/Example LOINC Terminology (User
25020-9,RF Urinary bladder and Urethra Views W contrast retrograde via urethra,RF Uretrosistografi retrograd,Radiologi,Permintaan & Hasil,bag1/Example LOINC Terminology (User
24923-5,RF Small bowel Views W positive contrast via enteroclysis tube,RF usus halus melalui tabung enteroklisis,Radiologi,Permintaan & Hasil,bag1/Example LOINC Terminology (User
75853-2,RF Vagina Views W contrast VG,RF Vaginogram,Radiologi,Permintaan & Hasil,bag1/Example LOINC Terminology (User
39151-6,RF Vas deferens Views W contrast intra vas deferens,RF Vasografi,Radiologi,Permintaan & Hasil,bag1/Example LOINC Terminology (User
70924-6,RF Guidance for percutaneous vertebroplasty of Lumbar spine,"RF Vertebroplasty lumbal perkutan dengan pedoman fluoroskopi,",Radiologi,Permintaan & Hasil,bag1/Example LOINC Terminology (User
70923-8,RF Guidance for percutaneous vertebroplasty of Cervical spine,"RF Vertebroplasty servikal perkutan dengan pedoman fluoroskopi,",Radiologi,Permintaan & Hasil,bag1/Example LOINC Terminology (User
70925-3,RF Guidance for percutaneous vertebroplasty of Thoracic spine,"RF Vertebroplasty thorakal perkutan dengan pedoman fluoroskopi,",Radiologi,Permintaan & Hasil,bag1/Example LOINC Terminology (User
86440-5,RF Seminal vesicle Views W contrast intra seminal vesicle,RF vesikulogram,Radiologi,Permintaan & Hasil,bag1/Example LOINC Terminology (User
30838-7,RFA Aorta and Femoral artery - bilateral Runoff W contrast IA,RFA aorta abdominal dengan iliofemoral ekstremitas bawah bilateral dengan kontras IA,Radiologi,Permintaan & Hasil,bag1/Example LOINC Terminology (User
30837-9,RFA Abdominal Aorta Views W contrast IA,RFA aorta abdominal dengan kontras IA,Radiologi,Permintaan & Hasil,bag1/Example LOINC Terminology (User
86394-4,RFA Thoracic Aorta Views W contrast IA,RFA aorta thorakal dengan kontras IA,Radiologi,Permintaan & Hasil,bag1/Example LOINC Terminology (User
30834-6,RFA Renal artery - bilateral Views W contrast IA,RFA arteri ginjal bilateral dengan kontras IA,Radiologi,Permintaan & Hasil,bag1/Example LOINC Terminology (User
86414-0,RFA Renal arteries - unilateral Views W contrast IA,RFA arteri ginjal unilateral dengan kontras IA,Radiologi,Permintaan & Hasil,bag1/Example LOINC Terminology (User
39097-1,RFA Carotid artery - bilateral and Cerebral artery - bilateral Views W contrast IA,RFA arteri karotis bilateral dan arteri serebral bilateral dengan kontras IA,Radiologi,Permintaan & Hasil,bag1/Example LOINC Terminology (User
39098-9,RFA Carotid artery.cervical.bilateral Views W contrast IA,RFA arteri karotis cervical bilateral dengan kontras IA,Radiologi,Permintaan & Hasil,bag1/Example LOINC Terminology (User
37945-3,RFA Carotid artery.cervical - right Views W contrast IA,RFA arteri karotis cervical kanan dengan kontras IA,Radiologi,Permintaan & Hasil,bag1/Example LOINC Terminology (User
38863-7,RFA Carotid artery.cervical - left Views W contrast IA,RFA arteri karotis cervical kiri dengan kontras IA,Radiologi,Permintaan & Hasil,bag1/Example LOINC Terminology (User
37944-6,RFA Carotid artery and Cerebral artery - right Views W contrast IA,RFA arteri karotis dan arteri serebral kanan dengan kontras IA,Radiologi,Permintaan & Hasil,bag1/Example LOINC Terminology (User
38862-9,RFA Carotid artery and Cerebral artery - left Views W contrast IA,RFA arteri karotis dan arteri serebral kiri dengan kontras IA,Radiologi,Permintaan & Hasil,bag1/Example LOINC Terminology (User
30820-5,RFA Carotid artery.external - bilateral Views W contrast IA,RFA arteri karotis eksterna bilateral dengan kontras IA,Radiologi,Permintaan & Hasil,bag1/Example LOINC Terminology (User
37948-7,RFA Carotid artery.external - right Views W contrast IA,RFA arteri karotis eksterna kanan dengan kontras IA,Radiologi,Permintaan & Hasil,bag1/Example LOINC Terminology (User
37390-2,RFA Carotid artery.external - left Views W contrast IA,RFA arteri karotis eksterna kiri dengan kontras IA,Radiologi,Permintaan & Hasil,bag1/Example LOINC Terminology (User
30829-6,RFA Internal thoracic artery Views W contrast IA,RFA arteri mammaria dengan kontras IA,Radiologi,Permintaan & Hasil,bag1/Example LOINC Terminology (User
30830-4,RFA Pulmonary artery - bilateral Views W contrast IA,RFA arteri pulmonal bilateral dengan kontras IA,Radiologi,Permintaan & Hasil,bag1/Example LOINC Terminology (User
86418-1,RFA Pulmonary arteries - unilateral Views W contrast IA,RFA arteri pulmonal unilateral dengan kontras,Radiologi,Permintaan & Hasil,bag1/Example LOINC Terminology (User
30824-7,RFA Intercranial vessel and Neck Vessel Views W contrast,RFA arteri servikoserebral dengan kontras IA,Radiologi,Permintaan & Hasil,bag1/Example LOINC Terminology (User
30824-7,RFA Intercranial vessel and Neck Vessel Views W contrast,RFA arteri vertebra cervical dan/atau intrakranial dengan kontras,Radiologi,Permintaan & Hasil,bag1/Example LOINC Terminology (User
25026-6,RFA Guidance for placement of venous filter in Inferior vena cava-- W contrast IV,RFA Guidance penempatan filter fena pada vena cava inferior,Radiologi,Permintaan & Hasil,bag1/Example LOINC Terminology (User
86461-1,RFA Adrenal vessel Views,RFA pembuluh darah adrenal bilateral,Radiologi,Permintaan & Hasil,bag1/Example LOINC Terminology (User
86461-1,RFA Adrenal vessel Views,RFA pembuluh darah adrenal unilateral,Radiologi,Permintaan & Hasil,bag1/Example LOINC Terminology (User
42157-8,RFA Extremity vessels Views W contrast IV,RFA pembuluh darah ekstremitas bilateral dengan kontras IV,Radiologi,Permintaan & Hasil,bag1/Example LOINC Terminology (User
94095-7,RFA Extremity vessels Unilateral Views W contrast IV,RFA pembuluh darah ekstremitas unilateral dengan kontras IV,Radiologi,Permintaan & Hasil,bag1/Example LOINC Terminology (User
37640-0,RFA Renal vessels Views W contrast,RFA pembuluh darah ginjal,Radiologi,Permintaan & Hasil,bag1/Example LOINC Terminology (User
37640-0,RFA Renal vessels Views W contrast,RFA pembuluh darah ginjal bilateral dengan kontras,Radiologi,Permintaan & Hasil,bag1/Example LOINC Terminology (User
30851-0,RFA Extremity lymphatic vessels - bilateral Views W contrast intra lymphatic,RFA pembuluh darah limfatik ekstremitas bilateral dengan kontras intra lymphatic,Radiologi,Permintaan & Hasil,bag1/Example LOINC Terminology (User
38812-4,RFA Extremity lymphatic vessels - right Views W contrast intra lymphatic,RFA pembuluh darah limfatik ekstremitas kanan dengan kontras intra lymphatic,Radiologi,Permintaan & Hasil,bag1/Example LOINC Terminology (User
37599-8,RFA Extremity lymphatic vessels - left Views W contrast intra lymphatic,RFA pembuluh darah limfatik ekstremitas kiri dengan kontras intra lymphatic,Radiologi,Permintaan & Hasil,bag1/Example LOINC Terminology (User
37598-0,RFA Abdominal and pelvic lymphatic vessels - bilateral Views W contrast intra lymphatic,RFA pembuluh darah limfatik pelvis dan abdomen bilateral dengan kontras intra lymphatic,Radiologi,Permintaan & Hasil,bag1/Example LOINC Terminology (User
38811-6,RFA Abdominal and pelvic lymphatic vessels - right Views W contrast intra lymphatic,RFA pembuluh darah limfatik pelvis dan abdomen kanan dengan kontras intra lymphatic,Radiologi,Permintaan & Hasil,bag1/Example LOINC Terminology (User
37596-4,RFA Abdominal and pelvic lymphatic vessels - left Views W contrast intra lymphatic,RFA pembuluh darah limfatik pelvis dan abdomen kiri dengan kontras intra lymphatic,Radiologi,Permintaan & Hasil,bag1/Example LOINC Terminology (User
37615-2,RFA Pelvis vessels Views W contrast,RFA pembuluh darah pelvis dengan kontras,Radiologi,Permintaan & Hasil,bag1/Example LOINC Terminology (User
64141-5,RFA Renal vessels - right Views W contrast,RFA pembuluh darah renal kanan,Radiologi,Permintaan & Hasil,bag1/Example LOINC Terminology (User
64140-7,RFA Renal vessels - left Views W contrast,RFA pembuluh darah renal kiri,Radiologi,Permintaan & Hasil,bag1/Example LOINC Terminology (User
86460-3,RFA Spine vessel Views,RFA pembuluh darah spinal,Radiologi,Permintaan & Hasil,bag1/Example LOINC Terminology (User
37981-8,RFA Visceral vessels Views W contrast,RFA pembuluh darah viseral dengan kontras,Radiologi,Permintaan & Hasil,bag1/Example LOINC Terminology (User
30841-1,RFA Portal vein Views W contrast transhepatic,RFA percutaneous transhepatic portography dengan kontras transhepatic,Radiologi,Permintaan & Hasil,bag1/Example LOINC Terminology (User
30816-3,RFA Peritoneum Views W contrast percutaneous intraperitoneal,RFA Peritoneogram,Radiologi,Permintaan & Hasil,bag1/Example LOINC Terminology (User
24991-2,RFA Splenic vein and Portal vein Views W contrast IA,RFA splenoportografi dengan kontras IA,Radiologi,Permintaan & Hasil,bag1/Example LOINC Terminology (User
94094-0,RFA Unspecified body region Limited Views for therapy or embolization or infusion W contrast via existing catheter,RFA terapi transkateter infus dengan kontras melalui kateter,Radiologi,Permintaan & Hasil,bag1/Example LOINC Terminology (User
30844-5,RFA Adrenal vein - bilateral Views W contrast IV,RFA vena adrenal bilateral dengan kontras IV,Radiologi,Permintaan & Hasil,bag1/Example LOINC Terminology (User
37940-4,RFA Adrenal vein - right Views W contrast IV,RFA vena adrenal kanan dengan kontras IV,Radiologi,Permintaan & Hasil,bag1/Example LOINC Terminology (User
37602-0,RFA Adrenal vein - left Views W contrast IV,RFA vena adrenal kiri dengan kontras IV,Radiologi,Permintaan & Hasil,bag1/Example LOINC Terminology (User
30845-2,RFA Inferior vena cava Views W contrast IV,RFA vena cava inferior dengan kontras IV,Radiologi,Permintaan & Hasil,bag1/Example LOINC Terminology (User
30645-6,RFA Superior vena cava Views W contrast IV,RFA vena cava superior dengan kontras IV,Radiologi,Permintaan & Hasil,bag1/Example LOINC Terminology (User
37412-4,RFA Extremity veins - bilateral Views W contrast IV,RFA vena ekstremitas bilateral dengan kontras IV,Radiologi,Permintaan & Hasil,bag1/Example LOINC Terminology (User
86396-9,RFA Extremity veins - unilateral Views W contrast IV,RFA vena ekstremitas unilateral dengan kontras IV,Radiologi,Permintaan & Hasil,bag1/Example LOINC Terminology (User
30819-7,RFA Epidural veins Views W contrast IV,RFA vena epidural dengan kontras IV,Radiologi,Permintaan & Hasil,bag1/Example LOINC Terminology (User
30846-0,RFA Renal vein - bilateral Views W contrast IV,RFA vena ginjal bilateral dengan kontras IV,Radiologi,Permintaan & Hasil,bag1/Example LOINC Terminology (User
86415-7,RFA Renal vein - unilateral Views W contrast IV,RFA vena ginjal unilateral dengan kontras IV,Radiologi,Permintaan & Hasil,bag1/Example LOINC Terminology (User
39096-3,RFA Hepatic veins Views for hemodynamics W contrast IV,RFA vena hepatik evaluasi hemodinamik dengan kontras IV,Radiologi,Permintaan & Hasil,bag1/Example LOINC Terminology (User
39093-0,RFA Hepatic veins Views W contrast IV,RFA vena hepatik tanpa evaluasi hemodinamik dengan kontras IV,Radiologi,Permintaan & Hasil,bag1/Example LOINC Terminology (User
30825-4,RFA Orbit veins Views W contrast IV,RFA vena orbita dengan kontras IV,Radiologi,Permintaan & Hasil,bag1/Example LOINC Terminology (User
37195-5,RFA Cerebral vein Views W contrast IV,RFA vena sinus sagitalis superior dengan kontras IV,Radiologi,Permintaan & Hasil,bag1/Example LOINC Terminology (User
37969-3,RFA Sinus vein Views W contrast IV,RFA vena sinus venosus (petrosus dan sagital inferior) atau jugular dengan kontras IV,Radiologi,Permintaan & Hasil,bag1/Example LOINC Terminology (User
24558-9,US Abdomen,US abdomen,Radiologi,Permintaan & Hasil,bag1/Example LOINC Terminology (User
24558-9,US Abdomen,US abdomen atas,Radiologi,Permintaan & Hasil,bag1/Example LOINC Terminology (User
24558-9,US Abdomen,US abdomen atas dan bawah,Radiologi,Permintaan & Hasil,bag1/Example LOINC Terminology (User
24558-9,US Abdomen,US abdomen bawah,Radiologi,Permintaan & Hasil,bag1/Example LOINC Terminology (User
30709-0,US Lower extremity,US ankle,Radiologi,Permintaan & Hasil,bag1/Example LOINC Terminology (User
38013-9,US Lower extremity - bilateral,US ankle bilateral,Radiologi,Permintaan & Hasil,bag1/Example LOINC Terminology (User
24548-0,US Appendix,US appendiks,Radiologi,Permintaan & Hasil,bag1/Example LOINC Terminology (User
38130-1,US Lower extremity artery - bilateral,US arteri ekstremitas inferior bilateral,Radiologi,Permintaan & Hasil,bag1/Example LOINC Terminology (User
41815-2,US Lower extremity artery - right,US arteri ekstremitas inferior kanan,Radiologi,Permintaan & Hasil,bag1/Example LOINC Terminology (User
41834-3,US Lower extremity artery - left,US arteri ekstremitas inferior kiri,Radiologi,Permintaan & Hasil,bag1/Example LOINC Terminology (User
38014-7,US Upper extremity artery - bilateral,US arteri ekstremitas superior bilateral,Radiologi,Permintaan & Hasil,bag1/Example LOINC Terminology (User
41814-5,US Upper extremity artery - right,US arteri ekstremitas superior kanan,Radiologi,Permintaan & Hasil,bag1/Example LOINC Terminology (User
41833-5,US Upper extremity artery - left,US arteri ekstremitas superior kiri,Radiologi,Permintaan & Hasil,bag1/Example LOINC Terminology (User
24907-8,US Shoulder,US bahu,Radiologi,Permintaan & Hasil,bag1/Example LOINC Terminology (User
26265-9,US Shoulder - bilateral,US bahu bilateral,Radiologi,Permintaan & Hasil,bag1/Example LOINC Terminology (User
24760-1,US Hip,US coxae,Radiologi,Permintaan & Hasil,bag1/Example LOINC Terminology (User
81164-6,US Pediatric limited Hip - bilateral,US coxae bayi bilateral,Radiologi,Permintaan & Hasil,bag1/Example LOINC Terminology (User
24672-8,US Diaphragm for motion,US diafragma,Radiologi,Permintaan & Hasil,bag1/Example LOINC Terminology (User
94681-4,US.doppler Thoracic and Abdominal Aorta and Inferior Vena Cava and Illiac vessels,"US doppler aorta thoracal dan abdomen, vena cava inferior serta arteri iliaka",Radiologi,Permintaan & Hasil,bag1/Example LOINC Terminology (User
94680-6,US.doppler Thoracic and Abdominal Aorta and Inferior Vena Cava and Illiac vessels limited,"US doppler aorta thoracal dan abdomen, vena cava inferior serta arteri iliaka pemeriksaan terbatas",Radiologi,Permintaan & Hasil,bag1/Example LOINC Terminology (User
42146-1,US.doppler Carotid arteries,US doppler arteri carotis,Radiologi,Permintaan & Hasil,bag1/Example LOINC Terminology (User
80850-1,US.doppler Carotid arteries limited,US doppler arteri carotis pemeriksaan terbatas,Radiologi,Permintaan & Hasil,bag1/Example LOINC Terminology (User
39031-0,US.doppler Extremity artery - bilateral,US doppler arteri ekstermitas bilateral,Radiologi,Permintaan & Hasil,bag1/Example LOINC Terminology (User
39042-7,US.doppler Extremity artery,US doppler arteri ekstremitas,Radiologi,Permintaan & Hasil,bag1/Example LOINC Terminology (User
44237-6,US.doppler Upper extremity vessel - bilateral for graft limited,US doppler arteri ekstremitas atas atau grafting arteri bilateral,Radiologi,Permintaan & Hasil,bag1/Example LOINC Terminology (User
39423-9,US.doppler Upper extremity artery - bilateral,US doppler arteri ekstremitas atas bilateral,Radiologi,Permintaan & Hasil,bag1/Example LOINC Terminology (User
39506-1,US.doppler Upper extremity artery - right,US doppler arteri ekstremitas atas kanan,Radiologi,Permintaan & Hasil,bag1/Example LOINC Terminology (User
39500-4,US.doppler Upper extremity artery - left,US doppler arteri ekstremitas atas kiri,Radiologi,Permintaan & Hasil,bag1/Example LOINC Terminology (User
38143-4,US.doppler Upper extremity artery limited,US doppler arteri ekstremitas atas terbatas,Radiologi,Permintaan & Hasil,bag1/Example LOINC Terminology (User
42476-2,US.doppler Upper extremity vessel - right for graft,US doppler arteri ekstremitas atas untuk grafting arteri kanan,Radiologi,Permintaan & Hasil,bag1/Example LOINC Terminology (User
42475-4,US.doppler Upper extremity vessel - left for graft,US doppler arteri ekstremitas atas untuk grafting arteri kiri,Radiologi,Permintaan & Hasil,bag1/Example LOINC Terminology (User
39421-3,US.doppler Lower extremity artery - bilateral,US doppler arteri ekstremitas bawah bilateral lengkap,Radiologi,Permintaan & Hasil,bag1/Example LOINC Terminology (User
39505-3,US.doppler Lower extremity artery - right,US doppler arteri ekstremitas bawah kanan,Radiologi,Permintaan & Hasil,bag1/Example LOINC Terminology (User
39499-9,US.doppler Lower extremity artery - left,US doppler arteri ekstremitas bawah kiri,Radiologi,Permintaan & Hasil,bag1/Example LOINC Terminology (User
38042-8,US.doppler Lower extremity artery limited,US doppler arteri ekstremitas bawah terbatas,Radiologi,Permintaan & Hasil,bag1/Example LOINC Terminology (User
42462-2,US.doppler Lower extremity vessel - right for graft,US doppler arteri ekstremitas bawah untuk grafting arteri kanan,Radiologi,Permintaan & Hasil,bag1/Example LOINC Terminology (User
42461-4,US.doppler Lower extremity vessel - left for graft,US doppler arteri ekstremitas bawah untuk grafting arteri kiri,Radiologi,Permintaan & Hasil,bag1/Example LOINC Terminology (User
24733-8,US.doppler Head vessels,US doppler arteri intra kranial pemeriksaan lengkap,Radiologi,Permintaan & Hasil,bag1/Example LOINC Terminology (User
39044-3,US.doppler Head vessels limited,US doppler arteri intra kranial pemeriksaan terbatas,Radiologi,Permintaan & Hasil,bag1/Example LOINC Terminology (User
80859-2,US.doppler Heart,US doppler echocardiografi,Radiologi,Permintaan & Hasil,bag1/Example LOINC Terminology (User
81160-4,US.doppler Pediatric limited Head,US doppler kepala anak,Radiologi,Permintaan & Hasil,bag1/Example LOINC Terminology (User
24534-0,US.doppler Abdominal vessels,US doppler pembuluh darah abdomen,Radiologi,Permintaan & Hasil,bag1/Example LOINC Terminology (User
24534-0,US.doppler Abdominal vessels,US doppler pembuluh darah abdomen atas,Radiologi,Permintaan & Hasil,bag1/Example LOINC Terminology (User
39426-2,US.doppler Renal vessels,US doppler pembuluh darah abdomen bawah (ginjal),Radiologi,Permintaan & Hasil,bag1/Example LOINC Terminology (User
24534-0,US.doppler Abdominal vessels,US doppler pembuluh darah abdomen lengkap,Radiologi,Permintaan & Hasil,bag1/Example LOINC Terminology (User
43572-7,US.doppler Abdominal vessels limited,US doppler pembuluh darah abdomen pemeriksaan terbatas,Radiologi,Permintaan & Hasil,bag1/Example LOINC Terminology (User
39442-9,US.doppler Lower extremity vessels - right,US doppler pembuluh darah ekstremitas bawah kanan,Radiologi,Permintaan & Hasil,bag1/Example LOINC Terminology (User
39431-2,US.doppler Lower extremity vessels - left,US doppler pembuluh darah ekstremitas bawah kiri,Radiologi,Permintaan & Hasil,bag1/Example LOINC Terminology (User
46379-4,US.doppler Upper extremity vessels - bilateral,US doppler pembuluh darah ekstremitas superior bilateral,Radiologi,Permintaan & Hasil,bag1/Example LOINC Terminology (User
39444-5,US.doppler Upper extremity vessels - right,US doppler pembuluh darah ekstremitas superior kanan,Radiologi,Permintaan & Hasil,bag1/Example LOINC Terminology (User
39433-8,US.doppler Upper extremity vessels - left,US doppler pembuluh darah ekstremitas superior kiri,Radiologi,Permintaan & Hasil,bag1/Example LOINC Terminology (User
39426-2,US.doppler Renal vessels,US doppler pembuluh darah ginjal dan renovascular,Radiologi,Permintaan & Hasil,bag1/Example LOINC Terminology (User
80859-2,US.doppler Heart,US doppler pembuluh darah jantimg,Radiologi,Permintaan & Hasil,bag1/Example LOINC Terminology (User
42152-9,US.doppler Pelvis vessels limited,US doppler pembuluh darah pelvis pemeriksaan terbatas,Radiologi,Permintaan & Hasil,bag1/Example LOINC Terminology (User
80874-1,US.doppler Penis vessels,US doppler pembuluh darah penis pemeriksaan lengkap,Radiologi,Permintaan & Hasil,bag1/Example LOINC Terminology (User
80873-3,US.doppler Penis limited,US doppler pembuluh darah penis pemeriksaan terbatas,Radiologi,Permintaan & Hasil,bag1/Example LOINC Terminology (User
39446-0,US.doppler Testicular vessels,US doppler pembuluh darah testis,Radiologi,Permintaan & Hasil,bag1/Example LOINC Terminology (User
48742-1,US.doppler Scrotum and testicle,US doppler skrotum,Radiologi,Permintaan & Hasil,bag1/Example LOINC Terminology (User
80872-5,US.doppler Uterus and Fallopian tubes W saline IU,US doppler untuk SIS (Saline Infusion Sonohysterography),Radiologi,Permintaan & Hasil,bag1/Example LOINC Terminology (User
39449-4,US.doppler Extremity vein,US doppler vena ekstremitas,Radiologi,Permintaan & Hasil,bag1/Example LOINC Terminology (User
39507-9,US.doppler Upper extremity vein - right,US doppler vena ekstremitas atas kanan,Radiologi,Permintaan & Hasil,bag1/Example LOINC Terminology (User
39501-2,US.doppler Upper extremity vein - left,US doppler vena ekstremitas atas kiri,Radiologi,Permintaan & Hasil,bag1/Example LOINC Terminology (User
39418-9,US.doppler Extremity vein - bilateral,US doppler vena ekstremitas bilateral,Radiologi,Permintaan & Hasil,bag1/Example LOINC Terminology (User
69283-0,US.doppler Extremity veins - bilateral,US doppler vena ekstremitas bilateral lengkap,Radiologi,Permintaan & Hasil,bag1/Example LOINC Terminology (User
39440-3,US.doppler Extremity vein - right,US doppler vena ekstremitas kanan,Radiologi,Permintaan & Hasil,bag1/Example LOINC Terminology (User
39429-6,US.doppler Extremity vein - left,US doppler vena ekstremitas kiri,Radiologi,Permintaan & Hasil,bag1/Example LOINC Terminology (User
39443-7,US.doppler Lower extremity vein - right,US DVT (Deep Vein Thrombosis) kanan,Radiologi,Permintaan & Hasil,bag1/Example LOINC Terminology (User
39432-0,US.doppler Lower extremity vein - left,US DVT (Deep Vein Thrombosis) kiri,Radiologi,Permintaan & Hasil,bag1/Example LOINC Terminology (User
42148-7,US Heart,US echocardiografi dengan pemakaian zat kontras,Radiologi,Permintaan & Hasil,bag1/Example LOINC Terminology (User
85475-2,US Heart Transesophageal,US echocardiografi transesofagus,Radiologi,Permintaan & Hasil,bag1/Example LOINC Terminology (User
59281-6,US Heart Transthoracic,US echocardiografi transthorakal,Radiologi,Permintaan & Hasil,bag1/Example LOINC Terminology (User
24731-2,US Head,US ekoensefalografi B-scan,Radiologi,Permintaan & Hasil,bag1/Example LOINC Terminology (User
24693-4,US Extremity,US ekstremitas lengkap,Radiologi,Permintaan & Hasil,bag1/Example LOINC Terminology (User
39526-9,US Extremity limited,US ekstremitas terbatas,Radiologi,Permintaan & Hasil,bag1/Example LOINC Terminology (User
24711-4,US Gallbladder,US empedu,Radiologi,Permintaan & Hasil,bag1/Example LOINC Terminology (User
30704-1,US Abdomen limited,US FAST abdomen,Radiologi,Permintaan & Hasil,bag1/Example LOINC Terminology (User
33069-6,Fetal nuchal translucency measured by US,US fetal nuchal translucency,Radiologi,Hasil,bag1/Example LOINC Terminology (User
24881-5,US Popliteal space,US genu,Radiologi,Permintaan & Hasil,bag1/Example LOINC Terminology (User
38036-0,US Kidney,US ginjal,Radiologi,Permintaan & Hasil,bag1/Example LOINC Terminology (User
69402-6,US Kidney - bilateral and Urinary bladder,US ginjal dan saluran kemih,Radiologi,Permintaan & Hasil,bag1/Example LOINC Terminology (User
58743-6,US Guidance for ablation of tissue of Unspecified body region,US guidance ablasi leiomyomata uteri,Radiologi,Permintaan & Hasil,bag1/Example LOINC Terminology (User
25059-7,US Guidance for biopsy of Unspecified body region,US guidance biopsi atau pengeluaran cairan,Radiologi,Permintaan & Hasil,bag1/Example LOINC Terminology (User
80853-5,US Guidance for injection of Elbow,US guidance injeksi elbow,Radiologi,Permintaan & Hasil,bag1/Example LOINC Terminology (User
97396-6,US Guidance for injection of Elbow - bilateral,US guidance injeksi elbow bilalteral,Radiologi,Permintaan & Hasil,bag1/Example LOINC Terminology (User
80882-4,US Guidance of Unspecified body region-- during surgery,US guidance intraoperasi,Radiologi,Permintaan & Hasil,bag1/Example LOINC Terminology (User
39139-1,US Guidance for vascular access of Unspecified body region,US guidance untuk akses vaskular,Radiologi,Permintaan & Hasil,bag1/Example LOINC Terminology (User
24537-3,US Guidance for aspiration of amniotic fluid of Uterus,US guidance untuk amniosentesis,Radiologi,Permintaan & Hasil,bag1/Example LOINC Terminology (User
39452-8,US Guidance for fluid aspiration of Ovary,US guidance untuk aspirasi sel telur,Radiologi,Permintaan & Hasil,bag1/Example LOINC Terminology (User
42463-0,US Guidance for biopsy of Endomyocardium,US guidance untuk biopsi endomiokardium,Radiologi,Permintaan & Hasil,bag1/Example LOINC Terminology (User
58743-6,US Guidance for ablation of tissue of Unspecified body region,US guidance untuk monitoring ablasi jaringan viseral,Radiologi,Permintaan & Hasil,bag1/Example LOINC Terminology (User
64993-9,US Guidance for placement of needle in Unspecified body region,"US guidance untuk pemasangan jarum (biopsi, aspirasi, injeksi, lokalisasi alat)",Radiologi,Permintaan & Hasil,bag1/Example LOINC Terminology (User
43487-8,US Guidance for placement of radiation therapy fields in Unspecified body region,US guidance untuk pemasangan lapang radiasi terapi,Radiologi,Permintaan & Hasil,bag1/Example LOINC Terminology (User
82124-9,US Guidance for radiation treatment of Unspecified body region,US guidance untuk pemasangan radioelemen interstisial,Radiologi,Permintaan & Hasil,bag1/Example LOINC Terminology (User
39040-1,US AV fistula,US guidance untuk perbaikan kompresi pseudoaneurisma arteri atau fistula arteriovena,Radiologi,Permintaan & Hasil,bag1/Example LOINC Terminology (User
30703-3,US Guidance for fluid aspiration of Pericardial space,US guidance untuk perikardiosentesis,Radiologi,Permintaan & Hasil,bag1/Example LOINC Terminology (User
69400-0,US Guidance for chorionic villus sampling,US guidance untuk sampling vilus korion,Radiologi,Permintaan & Hasil,bag1/Example LOINC Terminology (User
69391-1,US Guidance for cordocentesis,US guidance untuk transfusi janin intrauterin atau kordosentesis,Radiologi,Permintaan & Hasil,bag1/Example LOINC Terminology (User
81164-6,US Pediatric limited Hip - bilateral,US hip anak,Radiologi,Permintaan & Hasil,bag1/Example LOINC Terminology (User
24719-7,US Groin,US inguinal,Radiologi,Permintaan & Hasil,bag1/Example LOINC Terminology (User
80858-4,US Head and neck soft tissue,US jaringan lunak kepala dan leher,Radiologi,Permintaan & Hasil,bag1/Example LOINC Terminology (User
11525-3,US for pregnancy,US kehamilan,Radiologi,Permintaan & Hasil,bag1/Example LOINC Terminology (User
80834-5,US for multiple gestation pregnancy in first trimester,US kehamilan kembar trimester 1,Radiologi,Permintaan & Hasil,bag1/Example LOINC Terminology (User
80835-2,US transabdominal and transvaginal for multiple gestation pregnancy in first trimester,US kehamilan kembar trimester 1 (transabdominal dan transvaginal),Radiologi,Permintaan & Hasil,bag1/Example LOINC Terminology (User
80836-0,US for multiple gestation pregnancy in second or third trimester,US kehamilan kembar trimester 2 atau 3,Radiologi,Permintaan & Hasil,bag1/Example LOINC Terminology (User
80869-1,US for pregnancy in first trimester,US kehamilan tunggal trimester 1,Radiologi,Permintaan & Hasil,bag1/Example LOINC Terminology (User
80867-5,US transabdominal and transvaginal for pregnancy in first trimester,US kehamilan tunggal trimester 1 (transabdominal dan transvaginal),Radiologi,Permintaan & Hasil,bag1/Example LOINC Terminology (User
80866-7,US for pregnancy in second or third trimester,US kehamilan tunggal trimester 2 atau 3,Radiologi,Permintaan & Hasil,bag1/Example LOINC Terminology (User
81158-8,US Pediatric Head,US kepala anak,Radiologi,Permintaan & Hasil,bag1/Example LOINC Terminology (User
24842-7,US Neck,US leher,Radiologi,Permintaan & Hasil,bag1/Example LOINC Terminology (User
24842-7,US Neck,US leher lengkap,Radiologi,Permintaan & Hasil,bag1/Example LOINC Terminology (User
28614-6,US Liver,US liver,Radiologi,Permintaan & Hasil,bag1/Example LOINC Terminology (User
24601-7,US Breast,US mammae,Radiologi,Permintaan & Hasil,bag1/Example LOINC Terminology (User
30853-6,US Breast duct W contrast intra duct,US mammae dengan kontras intraduktal,Radiologi,Permintaan & Hasil,bag1/Example LOINC Terminology (User
98035-9,US Eye,US mata,Radiologi,Permintaan & Hasil,bag1/Example LOINC Terminology (User
99826-0,US.A-scan Eye,US mata A-scan,Radiologi,Permintaan & Hasil,bag1/Example LOINC Terminology (User
37608-7,US Guidance for localization of foreign body of Eye,US mata lokalisasi benda asing,Radiologi,Permintaan & Hasil,bag1/Example LOINC Terminology (User
80855-0,US Extremity musculoskeletal tissue,US muskuloskeletal,Radiologi,Permintaan & Hasil,bag1/Example LOINC Terminology (User
80855-0,US Extremity musculoskeletal tissue,US muskuloskeletal bilateral,Radiologi,Permintaan & Hasil,bag1/Example LOINC Terminology (User
38048-5,US Femur - right,US muskuloskeletal trochanter kanan,Radiologi,Permintaan & Hasil,bag1/Example LOINC Terminology (User
38037-8,US Femur - left,US muskuloskeletal trochanter sinistra,Radiologi,Permintaan & Hasil,bag1/Example LOINC Terminology (User
24859-1,US Pancreas,US pankreas,Radiologi,Permintaan & Hasil,bag1/Example LOINC Terminology (User
24869-0,US Pelvis,US pelvis,Radiologi,Permintaan & Hasil,bag1/Example LOINC Terminology (User
24869-0,US Pelvis,US pelvis (nonobstetrik) lengkap,Radiologi,Permintaan & Hasil,bag1/Example LOINC Terminology (User
38046-9,US Pelvis limited,US pelvis (nonobstetrik) terbatas,Radiologi,Permintaan & Hasil,bag1/Example LOINC Terminology (User
39422-1,US.doppler Lower extremity vessels - bilateral,US pembuluh darah ekstremitas inferior bilateral,Radiologi,Permintaan & Hasil,bag1/Example LOINC Terminology (User
48770-2,Fetal Biophysical profile panel US,US profil biofisik janin,Radiologi,Permintaan,bag1/Example LOINC Terminology (User
11630-1,Fetal Biophysical profile.amniotic fluid volume US,US profil biofisik janin amniotic fluid volume,Radiologi,Hasil,bag1/Example LOINC Terminology (User
11631-9,Fetal Biophysical profile.body movement US,US profil biofisik janin body movement,Radiologi,Hasil,bag1/Example LOINC Terminology (User
11632-7,Fetal Biophysical profile.breathing movement US,US profil biofisik janin breathing movement,Radiologi,Hasil,bag1/Example LOINC Terminology (User
11633-5,Fetal Heart rate reactivity US,US profil biofisik janin heart rate reactivity,Radiologi,Hasil,bag1/Example LOINC Terminology (User
11635-0,Fetal Biophysical profile.tone US,US profil biofisik janin tonus,Radiologi,Hasil,bag1/Example LOINC Terminology (User
24884-9,US Prostate transrectal,US prostat transrektal,Radiologi,Permintaan & Hasil,bag1/Example LOINC Terminology (User
39032-8,US for transplanted kidney,US renal hasil transplantasi,Radiologi,Permintaan & Hasil,bag1/Example LOINC Terminology (User
24531-6,US Retroperitoneum,US retroperitoneal B-scan lengkap,Radiologi,Permintaan & Hasil,bag1/Example LOINC Terminology (User
38047-7,US Retroperitoneum limited,US retroperitoneal B-scan terbatas,Radiologi,Permintaan & Hasil,bag1/Example LOINC Terminology (User
79374-5,US Abdominal Aorta for screening,US skrining aorta abdominal dengan B-scan,Radiologi,Permintaan & Hasil,bag1/Example LOINC Terminology (User
25002-7,US Scrotum and testicle,US skrotum dan testis,Radiologi,Permintaan & Hasil,bag1/Example LOINC Terminology (User
25002-7,US Scrotum and testicle,US testis,Radiologi,Permintaan & Hasil,bag1/Example LOINC Terminology (User
24630-6,US Chest,US thorax,Radiologi,Permintaan & Hasil,bag1/Example LOINC Terminology (User
24630-6,US Chest,US thorax B-scan,Radiologi,Permintaan & Hasil,bag1/Example LOINC Terminology (User
25010-0,US Thyroid gland,US thyroid,Radiologi,Permintaan & Hasil,bag1/Example LOINC Terminology (User
35093-4,Urology urinary tract ultrasound,US tractus urinarius,Radiologi,Permintaan,bag1/Example LOINC Terminology (User
80876-6,US Prostate transrectal for volume measurement,US transrektal prostat untuk pemeriksaan volume,Radiologi,Permintaan & Hasil,bag1/Example LOINC Terminology (User
24677-7,US Pelvis transvaginal,US transvaginal,Radiologi,Permintaan & Hasil,bag1/Example LOINC Terminology (User
46364-6,US Lower extremity vein - bilateral,US vena ekstremitas inferior bilateral,Radiologi,Permintaan & Hasil,bag1/Example LOINC Terminology (User
48691-0,US Lower extremity vein - right,US vena ekstremitas inferior kanan,Radiologi,Permintaan & Hasil,bag1/Example LOINC Terminology (User
48692-8,US Lower extremity vein - left,US vena ekstremitas inferior kiri,Radiologi,Permintaan & Hasil,bag1/Example LOINC Terminology (User
48690-2,US Upper extremity vein - bilateral,US vena ekstremitas superior bilateral,Radiologi,Permintaan & Hasil,bag1/Example LOINC Terminology (User
48688-6,US Upper extremity vein - right,US vena ekstremitas superior kanan,Radiologi,Permintaan & Hasil,bag1/Example LOINC Terminology (User
48689-4,US Upper extremity vein - left,US vena ekstremitas superior kiri,Radiologi,Permintaan & Hasil,bag1/Example LOINC Terminology (User
24926-8,US Spine,US vertebra,Radiologi,Permintaan & Hasil,bag1/Example LOINC Terminology (User
25036-5,US Wrist,US wrist,Radiologi,Permintaan & Hasil,bag1/Example LOINC Terminology (User
26278-2,US Wrist - bilateral,US wrist bilateral,Radiologi,Permintaan & Hasil,bag1/Example LOINC Terminology (User
36550-2,XR Abdomen Single view,XR abdomen 1 proyeksi,Radiologi,Permintaan & Hasil,bag1/Example LOINC Terminology (User
24799-9,XR Abdomen AP,XR abdomen AP,Radiologi,Permintaan & Hasil,bag1/Example LOINC Terminology (User
83016-6,XR Abdomen GE 3 Views AP and Oblique and Cone,XR abdomen AP oblique dan cone,Radiologi,Permintaan & Hasil,bag1/Example LOINC Terminology (User
83019-0,XR Chest and Abdomen and Pelvis View babygram,XR abdomen dan thorax babygram,Radiologi,Permintaan & Hasil,bag1/Example LOINC Terminology (User
36641-9,XR Abdomen 2 Views,XR abdomen dua proyeksi,Radiologi,Permintaan & Hasil,bag1/Example LOINC Terminology (User
42019-0,XR Abdomen upright and left lateral decubitus,XR abdomen lengkap proyeksi erect dan dekubitus,Radiologi,Permintaan & Hasil,bag1/Example LOINC Terminology (User
94679-8,XR Chest Single View and Abdomen Supine and Upright and Lateral-decubitus,"XR abdomen lengkap proyeksi supine, erect, dan lateral dekubitus",Radiologi,Permintaan & Hasil,bag1/Example LOINC Terminology (User
24561-3,XR Abdomen AP left lateral-decubitus,XR abdomen LLD (Left Lateral Decubitus),Radiologi,Permintaan & Hasil,bag1/Example LOINC Terminology (User
24563-9,XR Abdomen AP right lateral-decubitus,XR abdomen RLD (Right Lateral Decubitus),Radiologi,Permintaan & Hasil,bag1/Example LOINC Terminology (User
36293-9,XR Abdomen 3 Views,XR abdomen tiga proyeksi,Radiologi,Permintaan & Hasil,bag1/Example LOINC Terminology (User
37667-3,XR Ankle - right AP and Lateral,XR ankle AP dan lateral kanan,Radiologi,Permintaan & Hasil,bag1/Example LOINC Terminology (User
36685-6,XR Ankle - left AP and Lateral,XR ankle AP dan lateral kiri,Radiologi,Permintaan & Hasil,bag1/Example LOINC Terminology (User
37095-7,XR Ankle AP and Lateral and Mortise,"XR ankle AP, lateral dan mortis",Radiologi,Permintaan & Hasil,bag1/Example LOINC Terminology (User
37096-5,XR Ankle - bilateral AP and Lateral and Mortise,"XR ankle AP, lateral dan mortis bilateral",Radiologi,Permintaan & Hasil,bag1/Example LOINC Terminology (User
37666-5,XR Ankle - right AP and Lateral and Mortise,"XR ankle AP, lateral dan mortise kanan",Radiologi,Permintaan & Hasil,bag1/Example LOINC Terminology (User
37097-3,XR Ankle - left AP and Lateral and Mortise,"XR ankle AP, lateral dan mortise kiri",Radiologi,Permintaan & Hasil,bag1/Example LOINC Terminology (User
26385-5,XR Ankle - bilateral 2 Views,XR ankle bilateral dua proyeksi,Radiologi,Permintaan & Hasil,bag1/Example LOINC Terminology (User
24540-7,XR Ankle 2 Views,XR ankle dua proyeksi,Radiologi,Permintaan & Hasil,bag1/Example LOINC Terminology (User
26387-1,XR Ankle - right 2 Views,XR ankle dua proyeksi kanan,Radiologi,Permintaan & Hasil,bag1/Example LOINC Terminology (User
26386-3,XR Ankle - left 2 Views,XR ankle dua proyeksi kiri,Radiologi,Permintaan & Hasil,bag1/Example LOINC Terminology (User
44210-3,XR Ankle GE 3 Views,XR ankle lengkap minimal tiga proyeksi,Radiologi,Permintaan & Hasil,bag1/Example LOINC Terminology (User
37007-2,XR Ankle Mortise,XR ankle mortise kanan,Radiologi,Permintaan & Hasil,bag1/Example LOINC Terminology (User
37007-2,XR Ankle Mortise,XR ankle mortise kiri,Radiologi,Permintaan & Hasil,bag1/Example LOINC Terminology (User
36294-7,XR Ankle 3 Views,XR ankle tiga proyeksi,Radiologi,Permintaan & Hasil,bag1/Example LOINC Terminology (User
36295-4,XR Ankle - bilateral 3 Views,XR ankle tiga proyeksi bilateral,Radiologi,Permintaan & Hasil,bag1/Example LOINC Terminology (User
37665-7,XR Ankle - right 3 Views,XR ankle tiga proyeksi kanan,Radiologi,Permintaan & Hasil,bag1/Example LOINC Terminology (User
36296-2,XR Ankle - left 3 Views,XR ankle tiga proyeksi kiri,Radiologi,Permintaan & Hasil,bag1/Example LOINC Terminology (User
37708-5,XR Radius and Ulna - right AP and Lateral,XR antebrachii AP dan lateral kanan,Radiologi,Permintaan & Hasil,bag1/Example LOINC Terminology (User
36700-3,XR Radius and Ulna - left AP and Lateral,XR antebrachii AP dan lateral kiri,Radiologi,Permintaan & Hasil,bag1/Example LOINC Terminology (User
36658-3,XR Radius and Ulna 2 Views,XR antebrachii dua proyeksi,Radiologi,Permintaan & Hasil,bag1/Example LOINC Terminology (User
36659-1,XR Radius and Ulna - bilateral 2 Views,XR antebrachii dua proyeksi bilateral,Radiologi,Permintaan & Hasil,bag1/Example LOINC Terminology (User
26146-1,XR Radius and Ulna - bilateral Views,XR antebrachii dua proyeksi kanan atau kiri,Radiologi,Permintaan & Hasil,bag1/Example LOINC Terminology (User
37726-7,XR Hip - right AP,XR artc. coxae axial kanan,Radiologi,Permintaan & Hasil,bag1/Example LOINC Terminology (User
36582-5,XR Hip - left AP,XR artc. coxae axial kiri,Radiologi,Permintaan & Hasil,bag1/Example LOINC Terminology (User
26131-3,XR Hip - left Views,XR artc. coxae kiri,Radiologi,Permintaan & Hasil,bag1/Example LOINC Terminology (User
37730-9,XR Hip - right Lateral,XR artc. coxae lateral kanan,Radiologi,Permintaan & Hasil,bag1/Example LOINC Terminology (User
36603-9,XR Hip - left Lateral,XR artc. coxae lateral kiri,Radiologi,Permintaan & Hasil,bag1/Example LOINC Terminology (User
37728-3,XR Hip - right Oblique crosstable,XR artc. coxae oblique kanan,Radiologi,Permintaan & Hasil,bag1/Example LOINC Terminology (User
37545-1,XR Hip - left Oblique crosstable,XR artc. coxae oblique kiri,Radiologi,Permintaan & Hasil,bag1/Example LOINC Terminology (User
36984-3,XR Abdomen Lateral crosstable,XR atresia ani,Radiologi,Permintaan & Hasil,bag1/Example LOINC Terminology (User
37798-6,XR Shoulder - right AP,XR bahu AP kanan,Radiologi,Permintaan & Hasil,bag1/Example LOINC Terminology (User
36587-4,XR Shoulder - left AP,XR bahu AP kiri,Radiologi,Permintaan & Hasil,bag1/Example LOINC Terminology (User
37800-0,XR Shoulder - right Axillary,XR bahu axial kanan,Radiologi,Permintaan & Hasil,bag1/Example LOINC Terminology (User
36964-5,XR Shoulder - left Axillary,XR bahu axial kiri,Radiologi,Permintaan & Hasil,bag1/Example LOINC Terminology (User
37840-6,XR Shoulder 2 Views,XR bahu dua proyeksi,Radiologi,Permintaan & Hasil,bag1/Example LOINC Terminology (User
36667-4,XR Shoulder - bilateral 2 Views,XR bahu dua proyeksi bilateral,Radiologi,Permintaan & Hasil,bag1/Example LOINC Terminology (User
37793-7,XR Shoulder - right 2 Views,XR bahu dua proyeksi kanan,Radiologi,Permintaan & Hasil,bag1/Example LOINC Terminology (User
36668-2,XR Shoulder - left 2 Views,XR bahu dua proyeksi kiri,Radiologi,Permintaan & Hasil,bag1/Example LOINC Terminology (User
79370-3,XR Shoulder GE 2 Views,XR bahu minimal dua proyeksi,Radiologi,Permintaan & Hasil,bag1/Example LOINC Terminology (User
30748-8,XR Shoulder Single view,XR bahu satu proyeksi,Radiologi,Permintaan & Hasil,bag1/Example LOINC Terminology (User
26384-8,XR Shoulder - right 3 Views,XR bahu tiga proyeksi kanan,Radiologi,Permintaan & Hasil,bag1/Example LOINC Terminology (User
26383-0,XR Shoulder - left 3 Views,XR bahu tiga proyeksi kiri,Radiologi,Permintaan & Hasil,bag1/Example LOINC Terminology (User
48697-7,XR Skull base Views,XR basis cranium,Radiologi,Permintaan & Hasil,bag1/Example LOINC Terminology (User
24561-3,XR Abdomen AP left lateral-decubitus,XR BOF - LLD,Radiologi,Permintaan & Hasil,bag1/Example LOINC Terminology (User
36550-2,XR Abdomen Single view,XR BOF/BNO/KUB,Radiologi,Permintaan & Hasil,bag1/Example LOINC Terminology (User
37046-0,XR Abdomen Upright,XR BOF/BNO/KUB erect,Radiologi,Permintaan & Hasil,bag1/Example LOINC Terminology (User
36293-9,XR Abdomen 3 Views,XR BOF/BNO/KUB tiga proyeksi,Radiologi,Permintaan & Hasil,bag1/Example LOINC Terminology (User
30813-0,XR Lung - bilateral Views W contrast intrabronchial,XR bronkografi bilateral,Radiologi,Permintaan & Hasil,bag1/Example LOINC Terminology (User
64997-0,XR Lung - right Views W contrast intrabronchial,XR bronkografi kanan,Radiologi,Permintaan & Hasil,bag1/Example LOINC Terminology (User
64996-2,XR Lung - left Views W contrast intrabronchial,XR bronkografi kiri,Radiologi,Permintaan & Hasil,bag1/Example LOINC Terminology (User
98303-1,XR Calcaneus - right Lateral,XR calcaneus lateral kanan,Radiologi,Permintaan & Hasil,bag1/Example LOINC Terminology (User
98311-4,XR Calcaneus - left Lateral,XR calcaneus lateral kiri,Radiologi,Permintaan & Hasil,bag1/Example LOINC Terminology (User
94682-2,XR Calcaneus GE 2 Views,XR calcaneus minimal dua proyeksi,Radiologi,Permintaan & Hasil,bag1/Example LOINC Terminology (User
26118-0,XR Femur - bilateral Views,XR caput femur bilateral,Radiologi,Permintaan & Hasil,bag1/Example LOINC Terminology (User
26122-2,XR Femur - right Views,XR caput femur kanan,Radiologi,Permintaan & Hasil,bag1/Example LOINC Terminology (User
26120-6,XR Femur - left Views,XR caput femur kiri,Radiologi,Permintaan & Hasil,bag1/Example LOINC Terminology (User
36331-7,XR Cervical spine 4 Views,XR cervical 4 proyeksi,Radiologi,Permintaan & Hasil,bag1/Example LOINC Terminology (User
60648-3,Adenoid width Skull X-ray measured,XR cervical adenoid/fujioka,Radiologi,Permintaan & Hasil,bag1/Example LOINC Terminology (User
30725-6,XR Cervical spine AP,XR cervical AP,Radiologi,Permintaan & Hasil,bag1/Example LOINC Terminology (User
30725-6,XR Cervical spine AP,XR cervical AP close mouth,Radiologi,Permintaan & Hasil,bag1/Example LOINC Terminology (User
24942-5,XR Cervical spine AP and Lateral,XR cervical AP dan lateral,Radiologi,Permintaan & Hasil,bag1/Example LOINC Terminology (User
98359-3,XR Cervical spine Odontoid,XR cervical AP open mouth,Radiologi,Permintaan & Hasil,bag1/Example LOINC Terminology (User
36734-2,XR Cervical spine AP and Lateral and oblique,"XR cervical AP, lateral dan oblique",Radiologi,Permintaan & Hasil,bag1/Example LOINC Terminology (User
36669-0,XR Cervical spine 2 Views,XR cervical dua proyeksi,Radiologi,Permintaan & Hasil,bag1/Example LOINC Terminology (User
98360-1,XR Cervical spine Single view W extension,XR cervical extensi,Radiologi,Permintaan & Hasil,bag1/Example LOINC Terminology (User
24945-8,XR Cervical spine Views W flexion and W extension,XR cervical fleksi dan ekstensi,Radiologi,Permintaan & Hasil,bag1/Example LOINC Terminology (User
98358-5,XR Cervical spine Single view W flexion,XR cervical flexi,Radiologi,Permintaan & Hasil,bag1/Example LOINC Terminology (User
24948-2,XR Spine Cervical Odontoid and Cervical axis AP,XR cervical I dan odontoid,Radiologi,Permintaan & Hasil,bag1/Example LOINC Terminology (User
24943-3,XR Cervical spine Lateral,XR cervical lateral,Radiologi,Permintaan & Hasil,bag1/Example LOINC Terminology (User
36748-2,XR Cervical spine Oblique Views,XR cervical oblique,Radiologi,Permintaan & Hasil,bag1/Example LOINC Terminology (User
24573-8,XR Biliary ducts and Gallbladder Views W contrast IV,XR cholangiography,Radiologi,Permintaan & Hasil,bag1/Example LOINC Terminology (User
24664-5,XR Clavicle Views,XR clavicula,Radiologi,Permintaan & Hasil,bag1/Example LOINC Terminology (User
97364-4,XR Clavicle - right Axial,XR clavicula AP axial kanan,Radiologi,Permintaan & Hasil,bag1/Example LOINC Terminology (User
97349-5,XR Clavicle - left Axial,XR clavicula AP axial kiri,Radiologi,Permintaan & Hasil,bag1/Example LOINC Terminology (User
97376-8,XR Clavicle - bilateral AP,XR clavicula AP bilateral,Radiologi,Permintaan & Hasil,bag1/Example LOINC Terminology (User
97362-8,XR Clavicle - right AP,XR clavicula AP kanan,Radiologi,Permintaan & Hasil,bag1/Example LOINC Terminology (User
97347-9,XR Clavicle - left AP,XR clavicula AP kiri,Radiologi,Permintaan & Hasil,bag1/Example LOINC Terminology (User
26106-5,XR Clavicle - bilateral Views,XR clavicula bilateral,Radiologi,Permintaan & Hasil,bag1/Example LOINC Terminology (User
26108-1,XR Clavicle - right Views,XR clavicula kanan,Radiologi,Permintaan & Hasil,bag1/Example LOINC Terminology (User
26107-3,XR Clavicle - left Views,XR clavicula kiri,Radiologi,Permintaan & Hasil,bag1/Example LOINC Terminology (User
98356-9,XR Coccyx AP,XR coccygeus AP,Radiologi,Permintaan & Hasil,bag1/Example LOINC Terminology (User
98357-7,XR Coccyx Lateral,XR coccygeus lateral,Radiologi,Permintaan & Hasil,bag1/Example LOINC Terminology (User
39050-0,XR Ribs AP,XR costae AP,Radiologi,Permintaan & Hasil,bag1/Example LOINC Terminology (User
24899-7,XR Ribs Views,XR costae axial,Radiologi,Permintaan & Hasil,bag1/Example LOINC Terminology (User
37784-6,XR Ribs - right Lateral,XR costae lateral kanan,Radiologi,Permintaan & Hasil,bag1/Example LOINC Terminology (User
38857-9,XR Ribs - left Lateral,XR costae lateral kiri,Radiologi,Permintaan & Hasil,bag1/Example LOINC Terminology (User
97447-7,XR Ribs - right Oblique,XR costae oblique kanan,Radiologi,Permintaan & Hasil,bag1/Example LOINC Terminology (User
97365-1,XR Ribs - left Oblique,XR costae oblique kiri,Radiologi,Permintaan & Hasil,bag1/Example LOINC Terminology (User
97448-5,XR Ribs - right PA,XR costae PA kanan,Radiologi,Permintaan & Hasil,bag1/Example LOINC Terminology (User
97366-9,XR Ribs - left PA,XR costae PA kiri,Radiologi,Permintaan & Hasil,bag1/Example LOINC Terminology (User
83031-5,XR Pelvis AP and Hip - bilateral GE 2 Views,XR coxae dan pelvis AP minimal dua proyeksi bilateral,Radiologi,Permintaan & Hasil,bag1/Example LOINC Terminology (User
47372-8,XR Hip Views during surgery,XR coxae intraoperatif,Radiologi,Permintaan & Hasil,bag1/Example LOINC Terminology (User
26132-1,XR Hip - right Views,XR coxae kanan,Radiologi,Permintaan & Hasil,bag1/Example LOINC Terminology (User
26131-3,XR Hip - left Views,XR coxae kiri,Radiologi,Permintaan & Hasil,bag1/Example LOINC Terminology (User
79361-2,XR Hip GE 2 Views,XR coxae minimal dua proyeksi unilateral,Radiologi,Permintaan & Hasil,bag1/Example LOINC Terminology (User
24761-9,XR Hip Single view,XR coxae satu proyeksi unilateral,Radiologi,Permintaan & Hasil,bag1/Example LOINC Terminology (User
24918-5,XR Skull 3 Views,"XR cranium AP, lateral dan towne",Radiologi,Permintaan & Hasil,bag1/Example LOINC Terminology (User
25011-8,XR Tibia and Fibula Views,XR cruris,Radiologi,Permintaan & Hasil,bag1/Example LOINC Terminology (User
37816-6,XR Tibia and Fibula - right AP and Lateral,XR cruris AP dan lateral kanan,Radiologi,Permintaan & Hasil,bag1/Example LOINC Terminology (User
36718-5,XR Tibia and Fibula - left AP and Lateral,XR cruris AP dan lateral kiri,Radiologi,Permintaan & Hasil,bag1/Example LOINC Terminology (User
37895-0,XR Tibia and Fibula 2 Views,XR cruris dua proyeksi,Radiologi,Permintaan & Hasil,bag1/Example LOINC Terminology (User
36671-6,XR Tibia and Fibula - bilateral 2 Views,XR cruris dua proyeksi bilateral,Radiologi,Permintaan & Hasil,bag1/Example LOINC Terminology (User
37815-8,XR Tibia and Fibula - right 2 Views,XR cruris dua proyeksi kanan,Radiologi,Permintaan & Hasil,bag1/Example LOINC Terminology (User
36672-4,XR Tibia and Fibula - left 2 Views,XR cruris dua proyeksi kiri,Radiologi,Permintaan & Hasil,bag1/Example LOINC Terminology (User
36649-2,XR Elbow - bilateral 2 Views,XR cubiti dua proyeksi bilateral,Radiologi,Permintaan & Hasil,bag1/Example LOINC Terminology (User
26109-9,XR Elbow - bilateral Views,XR cubiti dua proyeksi kanan atau kiri,Radiologi,Permintaan & Hasil,bag1/Example LOINC Terminology (User
79353-9,XR Elbow GE 3 Views,XR cubiti minimal tiga proyeksi,Radiologi,Permintaan & Hasil,bag1/Example LOINC Terminology (User
47367-8,XR and RF Chest GE 4 Views and Views,XR dan RF thorax minimal empat proyeksi,Radiologi,Permintaan & Hasil,bag1/Example LOINC Terminology (User
39066-6,XR and RF Chest AP and Lateral and Views,XR dan RF thorax proyeksi AP dan lateral,Radiologi,Permintaan & Hasil,bag1/Example LOINC Terminology (User
36751-6,XR and RF Chest PA and Lateral and Views,XR dan RF thorax proyeksi PA dan lateral,Radiologi,Permintaan & Hasil,bag1/Example LOINC Terminology (User
86423-1,XR Abdomen and RF Gastrointestinal tract upper W contrast PO,XR dan RF traktus gastrointestinal atas dan BNO dengan kontras PO,Radiologi,Permintaan & Hasil,bag1/Example LOINC Terminology (User
86421-5,XR Abdomen and RF Gastrointestinal tract upper W air contrast PO and W barium contrast PO,XR dan RF traktus gastrointestinal atas dan BNO dengan kontras PO dan kontras barium PO,Radiologi,Permintaan & Hasil,bag1/Example LOINC Terminology (User
62443-7,Single view Teeth Document XR,XR dental,Radiologi,Permintaan & Hasil,bag1/Example LOINC Terminology (User
98282-7,XR Stomach and Duodenum Views,XR duodenografi,Radiologi,Permintaan & Hasil,bag1/Example LOINC Terminology (User
83049-7,XR Upper extremity GE 2 Views,XR ekstremitas atas minimal dua proyeksi,Radiologi,Permintaan & Hasil,bag1/Example LOINC Terminology (User
83036-4,XR Lower extremity GE 2 Views,XR ekstremitas bawah minimal dua proyeksi,Radiologi,Permintaan & Hasil,bag1/Example LOINC Terminology (User
37684-8,XR Elbow - right AP and Lateral,XR elbow AP dan lateral kanan,Radiologi,Permintaan & Hasil,bag1/Example LOINC Terminology (User
36691-4,XR Elbow - left AP and Lateral,XR elbow AP dan lateral kiri,Radiologi,Permintaan & Hasil,bag1/Example LOINC Terminology (User
24695-9,XR Facial bones Views,XR facial bones,Radiologi,Permintaan & Hasil,bag1/Example LOINC Terminology (User
36297-0,XR Facial bones 3 Views,"XR facial bones caldwell, towne dan lateral",Radiologi,Permintaan & Hasil,bag1/Example LOINC Terminology (User
37164-1,XR Facial bones Lateral and Caldwell and Waters,"XR facial bones lateral, caldwell, dan waters",Radiologi,Permintaan & Hasil,bag1/Example LOINC Terminology (User
37692-1,XR Femur - right AP and Lateral,XR femur AP dan lateral kanan,Radiologi,Permintaan & Hasil,bag1/Example LOINC Terminology (User
36695-5,XR Femur - left AP and Lateral,XR femur AP dan lateral kiri,Radiologi,Permintaan & Hasil,bag1/Example LOINC Terminology (User
36652-6,XR Femur 2 Views,XR femur dua proyeksi,Radiologi,Permintaan & Hasil,bag1/Example LOINC Terminology (User
36653-4,XR Femur - bilateral 2 Views,XR femur dua proyeksi bilateral,Radiologi,Permintaan & Hasil,bag1/Example LOINC Terminology (User
37690-5,XR Femur - right 2 Views,XR femur dua proyeksi kanan,Radiologi,Permintaan & Hasil,bag1/Example LOINC Terminology (User
36654-2,XR Femur - left 2 Views,XR femur dua proyeksi kiri,Radiologi,Permintaan & Hasil,bag1/Example LOINC Terminology (User
26122-2,XR Femur - right Views,XR femur kanan,Radiologi,Permintaan & Hasil,bag1/Example LOINC Terminology (User
26120-6,XR Femur - left Views,XR femur kiri,Radiologi,Permintaan & Hasil,bag1/Example LOINC Terminology (User
24846-8,XR Optic foramen Views,XR foramen optik,Radiologi,Permintaan & Hasil,bag1/Example LOINC Terminology (User
26144-6,XR Optic foramen - right Views,XR foramen optik kanan (Rheese),Radiologi,Permintaan & Hasil,bag1/Example LOINC Terminology (User
26143-8,XR Optic foramen - left Views,XR foramen optik kiri (Rheese),Radiologi,Permintaan & Hasil,bag1/Example LOINC Terminology (User
37626-9,XR Pelvis Lateral frog,XR frog position,Radiologi,Permintaan & Hasil,bag1/Example LOINC Terminology (User
24686-8,XR Lower extremity Views,XR full ekstremitas inferior,Radiologi,Permintaan & Hasil,bag1/Example LOINC Terminology (User
36709-4,XR Knee AP and Lateral,XR genu AP dan lateral,Radiologi,Permintaan & Hasil,bag1/Example LOINC Terminology (User
26366-5,XR Knee - right AP and Lateral W standing,XR genu AP dan lateral berdiri kanan,Radiologi,Permintaan & Hasil,bag1/Example LOINC Terminology (User
26365-7,XR Knee - left AP and Lateral W standing,XR genu AP dan lateral berdiri kiri,Radiologi,Permintaan & Hasil,bag1/Example LOINC Terminology (User
36590-8,XR Knee - bilateral AP and Lateral,XR genu AP dan lateral bilateral,Radiologi,Permintaan & Hasil,bag1/Example LOINC Terminology (User
37745-7,XR Knee - right AP and Lateral,XR genu AP dan lateral kanan,Radiologi,Permintaan & Hasil,bag1/Example LOINC Terminology (User
36710-2,XR Knee - left AP and Lateral,XR genu AP dan lateral kiri,Radiologi,Permintaan & Hasil,bag1/Example LOINC Terminology (User
37111-2,XR Knee AP and Lateral and Sunrise and tunnel,"XR genu AP, lateral, skyline dan proyeksi tunnel",Radiologi,Permintaan & Hasil,bag1/Example LOINC Terminology (User
37116-1,XR Knee - bilateral AP and Lateral and Sunrise and tunnel,"XR genu AP, lateral, skyline dan proyeksi tunnel bilateral",Radiologi,Permintaan & Hasil,bag1/Example LOINC Terminology (User
26358-2,XR Knee - bilateral AP W standing,"XR genu bilateral, AP, dan erect",Radiologi,Permintaan & Hasil,bag1/Example LOINC Terminology (User
24806-2,XR Knee 2 Views,XR genu dua proyeksi,Radiologi,Permintaan & Hasil,bag1/Example LOINC Terminology (User
26394-7,XR Knee - bilateral 2 Views,XR genu dua proyeksi bilateral,Radiologi,Permintaan & Hasil,bag1/Example LOINC Terminology (User
26396-2,XR Knee - right 2 Views,XR genu dua proyeksi kanan,Radiologi,Permintaan & Hasil,bag1/Example LOINC Terminology (User
26395-4,XR Knee - left 2 Views,XR genu dua proyeksi kiri,Radiologi,Permintaan & Hasil,bag1/Example LOINC Terminology (User
79364-6,XR Knee GE 4 Views,XR genu empat proyeksi atau lebih,Radiologi,Permintaan & Hasil,bag1/Example LOINC Terminology (User
43498-5,XR Knee - left GE 3 Views,XR genu minimum tiga proyeksi kiri,Radiologi,Permintaan & Hasil,bag1/Example LOINC Terminology (User
36636-9,XR Knee - left Views,XR genu proyeksi kiri,Radiologi,Permintaan & Hasil,bag1/Example LOINC Terminology (User
37752-3,XR Knee - right Rosenberg W standing,XR genu rosenberg kanan,Radiologi,Permintaan & Hasil,bag1/Example LOINC Terminology (User
37019-7,XR Knee - left Rosenberg W standing,XR genu rosenberg kiri,Radiologi,Permintaan & Hasil,bag1/Example LOINC Terminology (User
44198-0,XR Knee 1 or 2 Views,XR genu satu atau dua proyeksi,Radiologi,Permintaan & Hasil,bag1/Example LOINC Terminology (User
30788-4,XR Knee 3 Views,XR genu tiga proyeksi,Radiologi,Permintaan & Hasil,bag1/Example LOINC Terminology (User
36310-1,XR Knee - bilateral 3 Views,XR genu tiga proyeksi bilateral,Radiologi,Permintaan & Hasil,bag1/Example LOINC Terminology (User
37742-4,XR Knee - right 3 Views,XR genu tiga proyeksi kanan,Radiologi,Permintaan & Hasil,bag1/Example LOINC Terminology (User
36311-9,XR Knee - left 3 Views,XR genu tiga proyeksi kiri,Radiologi,Permintaan & Hasil,bag1/Example LOINC Terminology (User
98316-3,XR Knee - bilateral Single view W valgus stress,XR genu valgus stres bilateral,Radiologi,Permintaan & Hasil,bag1/Example LOINC Terminology (User
98302-3,XR Knee - right AP W valgus stress,XR genu valgus stres kanan,Radiologi,Permintaan & Hasil,bag1/Example LOINC Terminology (User
98309-8,XR Knee - left AP W valgus stress,XR genu valgus stres kiri,Radiologi,Permintaan & Hasil,bag1/Example LOINC Terminology (User
98317-1,XR Knee - bilateral AP W varus stress,XR genu varus stres bilateral,Radiologi,Permintaan & Hasil,bag1/Example LOINC Terminology (User
98301-5,XR Knee - right AP W varus stress,XR genu varus stres kanan,Radiologi,Permintaan & Hasil,bag1/Example LOINC Terminology (User
98310-6,XR Knee - left AP W varus stress,XR genu varus stres kiri,Radiologi,Permintaan & Hasil,bag1/Example LOINC Terminology (User
95610-2,XR Teeth Complete Views,XR gigi lengkap seluruh mulut,Radiologi,Permintaan & Hasil,bag1/Example LOINC Terminology (User
62444-5,Views Teeth.partial Document XR,XR gigi pemeriksaan sebagian,Radiologi,Permintaan & Hasil,bag1/Example LOINC Terminology (User
62443-7,Single view Teeth Document XR,XR gigi satu proyeksi,Radiologi,Permintaan & Hasil,bag1/Example LOINC Terminology (User
37725-9,XR Hip - right AP and Lateral,XR hip joint AP dan lateral kanan,Radiologi,Permintaan & Hasil,bag1/Example LOINC Terminology (User
36704-5,XR Hip - left AP and Lateral,XR hip joint AP dan lateral kiri,Radiologi,Permintaan & Hasil,bag1/Example LOINC Terminology (User
37721-8,XR Hip - right 2 Views,XR hip joint AP dan oblique kanan,Radiologi,Permintaan & Hasil,bag1/Example LOINC Terminology (User
36664-1,XR Hip - left 2 Views,XR hip joint AP dan oblique kiri,Radiologi,Permintaan & Hasil,bag1/Example LOINC Terminology (User
37062-7,XR Humerus - bilateral Views,XR humerus dua proyeksi kanan atau kiri,Radiologi,Permintaan & Hasil,bag1/Example LOINC Terminology (User
39099-7,XR Ribs - bilateral 4 Views and Chest PA,XR iga bilateral minimal empat proyeksi termasuk thorax PA,Radiologi,Permintaan & Hasil,bag1/Example LOINC Terminology (User
36313-5,XR Ribs - bilateral 3 Views,XR iga bilateral tiga proyeksi,Radiologi,Permintaan & Hasil,bag1/Example LOINC Terminology (User
83040-6,XR Ribs - unilateral 2 Views,XR iga unilateral dua proyeksi,Radiologi,Permintaan & Hasil,bag1/Example LOINC Terminology (User
94685-5,XR Ribs - unilateral GE 3 Views and Chest PA,XR iga unilateral minimal tiga proyeksi termasuk thorax PA,Radiologi,Permintaan & Hasil,bag1/Example LOINC Terminology (User
36981-9,XR Hip Judet,XR iliac judet,Radiologi,Permintaan & Hasil,bag1/Example LOINC Terminology (User
79373-7,XR Toe GE 2 Views,XR jari kaki dua proyeksi,Radiologi,Permintaan & Hasil,bag1/Example LOINC Terminology (User
79354-7,XR Finger GE 2 Views,XR jari tangan minimal dua proyeksi,Radiologi,Permintaan & Hasil,bag1/Example LOINC Terminology (User
37639-2,XR Neck Views,XR jaringan lunak leher,Radiologi,Permintaan & Hasil,bag1/Example LOINC Terminology (User
43470-4,XR Skull LE 3 Views,XR kalvaria kurang dari empat proyeksi,Radiologi,Permintaan & Hasil,bag1/Example LOINC Terminology (User
48487-3,XR Skull GE 4 Views,XR kalvaria minimal empat proyeksi,Radiologi,Permintaan & Hasil,bag1/Example LOINC Terminology (User
39058-3,XR Salivary gland Views,XR kelenjar liur untuk batu,Radiologi,Permintaan & Hasil,bag1/Example LOINC Terminology (User
28564-3,XR Skull Views,XR kepala,Radiologi,Permintaan & Hasil,bag1/Example LOINC Terminology (User
37867-9,XR Skull 2 Views,XR kepala dua proyeksi,Radiologi,Permintaan & Hasil,bag1/Example LOINC Terminology (User
36984-3,XR Abdomen Lateral crosstable,XR knee chest wangensteen,Radiologi,Permintaan & Hasil,bag1/Example LOINC Terminology (User
24712-2,XR Gallbladder Views W contrast PO,XR kolesistografi dengan kontras PO,Radiologi,Permintaan & Hasil,bag1/Example LOINC Terminology (User
36651-8,XR Lower extremity 2 Views,XR long leg stitch view,Radiologi,Permintaan & Hasil,bag1/Example LOINC Terminology (User
24829-4,XR Mandible Views,XR mandibula,Radiologi,Permintaan & Hasil,bag1/Example LOINC Terminology (User
43521-4,XR Mandible 1 or 2 Views,XR mandibula AP,Radiologi,Permintaan & Hasil,bag1/Example LOINC Terminology (User
36711-0,XR Mandible AP and Lateral,XR mandibula AP dan lateral,Radiologi,Permintaan & Hasil,bag1/Example LOINC Terminology (User
36711-0,XR Mandible AP and Lateral,XR mandibula AP dan lateral,Radiologi,Permintaan & Hasil,bag1/Example LOINC Terminology (User
24829-4,XR Mandible Views,XR mandibula bilateral,Radiologi,Permintaan & Hasil,bag1/Example LOINC Terminology (User
36747-4,XR Mandible Oblique Views,XR mandibula eisler,Radiologi,Permintaan & Hasil,bag1/Example LOINC Terminology (User
47380-1,XR Mandible LE 3 Views,XR mandibula kurang dari empat proyeksi,Radiologi,Permintaan & Hasil,bag1/Example LOINC Terminology (User
43521-4,XR Mandible 1 or 2 Views,XR mandibula lateral,Radiologi,Permintaan & Hasil,bag1/Example LOINC Terminology (User
47379-3,XR Mandible GE 4 Views,XR mandibula minimal empat proyeksi,Radiologi,Permintaan & Hasil,bag1/Example LOINC Terminology (User
36754-0,XR Mandible PA and Lateral,XR mandibula PA dan lateral,Radiologi,Permintaan & Hasil,bag1/Example LOINC Terminology (User
37710-1,XR Hand - right AP and Lateral,XR manus AP dan lateral kanan,Radiologi,Permintaan & Hasil,bag1/Example LOINC Terminology (User
38847-0,XR Hand - left AP and Lateral,XR manus AP dan lateral kiri,Radiologi,Permintaan & Hasil,bag1/Example LOINC Terminology (User
26352-5,XR Wrist - bilateral and Hand - bilateral Bone age Views,XR manus bone age AP dan bilateral,Radiologi,Permintaan & Hasil,bag1/Example LOINC Terminology (User
26388-9,XR Hand - bilateral 2 Views,XR manus dua proyeksi bilateral,Radiologi,Permintaan & Hasil,bag1/Example LOINC Terminology (User
39079-9,XR Hand PA and Oblique,XR manus PA dan oblique,Radiologi,Permintaan & Hasil,bag1/Example LOINC Terminology (User
47983-2,XR Mastoid - bilateral 1 or 2 Views,XR mastoid kurang dari tiga proyeksi,Radiologi,Permintaan & Hasil,bag1/Example LOINC Terminology (User
47381-9,XR Mastoid GE 3 Views,XR mastoid minimal tiga proyeksi,Radiologi,Permintaan & Hasil,bag1/Example LOINC Terminology (User
26139-6,XR Mastoid - bilateral Views,XR mastoid schuller bilateral,Radiologi,Permintaan & Hasil,bag1/Example LOINC Terminology (User
26141-2,XR Mastoid - right Views,XR mastoid schuller kanan,Radiologi,Permintaan & Hasil,bag1/Example LOINC Terminology (User
26140-4,XR Mastoid - left Views,XR mastoid schuller kiri,Radiologi,Permintaan & Hasil,bag1/Example LOINC Terminology (User
30720-7,XR Orbit - bilateral Views for foreign body,XR mata untuk deteksi benda asing,Radiologi,Permintaan & Hasil,bag1/Example LOINC Terminology (User
36628-6,XR Internal auditory canal Views,XR meatus auditorius internus,Radiologi,Permintaan & Hasil,bag1/Example LOINC Terminology (User
24834-4,XR Nasal bones Views,XR nasal tangensial,Radiologi,Permintaan & Hasil,bag1/Example LOINC Terminology (User
95611-0,XR Teeth Occlusal Views,XR occlusal rahang atas,Radiologi,Permintaan & Hasil,bag1/Example LOINC Terminology (User
95611-0,XR Teeth Occlusal Views,XR occlusal rahang bawah,Radiologi,Permintaan & Hasil,bag1/Example LOINC Terminology (User
95610-2,XR Teeth Complete Views,XR OPG (Orthopantomagram),Radiologi,Permintaan & Hasil,bag1/Example LOINC Terminology (User
24854-2,XR Orbit - bilateral Views,XR orbita bilateral,Radiologi,Permintaan & Hasil,bag1/Example LOINC Terminology (User
48747-0,XR Orbit - bilateral GE 4 Views,XR orbita minimal empat proyeksi,Radiologi,Permintaan & Hasil,bag1/Example LOINC Terminology (User
24834-4,XR Nasal bones Views,XR os nasal,Radiologi,Permintaan & Hasil,bag1/Example LOINC Terminology (User
24579-5,XR Long bones Survey Views,"XR panjang tulang (orthoroentgenogram, scanogram)",Radiologi,Permintaan & Hasil,bag1/Example LOINC Terminology (User
24700-7,XR Femur and Tibia Views for leg length,XR panjang tulang femur dan tibia,Radiologi,Permintaan & Hasil,bag1/Example LOINC Terminology (User
24828-6,XR tomography Mandible Panoramic,XR panoramic gigi,Radiologi,Permintaan & Hasil,bag1/Example LOINC Terminology (User
38786-0,XR Patella - right AP and Lateral and Sunrise,"XR patella AP, lateral dan skyline kanan",Radiologi,Permintaan & Hasil,bag1/Example LOINC Terminology (User
37110-4,XR Patella - left AP and Lateral and Sunrise,"XR patella AP, lateral dan skyline kiri",Radiologi,Permintaan & Hasil,bag1/Example LOINC Terminology (User
37701-0,XR Foot - right AP and Lateral,XR pedis AP dan lateral kanan,Radiologi,Permintaan & Hasil,bag1/Example LOINC Terminology (User
36697-1,XR Foot - left AP and Lateral,XR pedis AP dan lateral kiri,Radiologi,Permintaan & Hasil,bag1/Example LOINC Terminology (User
39076-5,XR Foot AP and Oblique,XR pedis AP dan oblique kanan,Radiologi,Permintaan & Hasil,bag1/Example LOINC Terminology (User
39076-5,XR Foot AP and Oblique,XR pedis AP dan oblique kiri,Radiologi,Permintaan & Hasil,bag1/Example LOINC Terminology (User
30784-3,XR Foot 2 Views,XR pedis dua proyeksi,Radiologi,Permintaan & Hasil,bag1/Example LOINC Terminology (User
36657-5,XR Foot - bilateral 2 Views,XR pedis dua proyeksi bilateral,Radiologi,Permintaan & Hasil,bag1/Example LOINC Terminology (User
44188-1,XR Foot GE 3 Views,XR pedis minimal tiga proyeksi,Radiologi,Permintaan & Hasil,bag1/Example LOINC Terminology (User
24871-6,XR Pelvis Pelvimetry,XR pelvimetri,Radiologi,Permintaan & Hasil,bag1/Example LOINC Terminology (User
37616-0,XR Pelvis Single view,XR pelvis 1 proyeksi,Radiologi,Permintaan & Hasil,bag1/Example LOINC Terminology (User
37622-8,XR Pelvis AP,XR pelvis AP,Radiologi,Permintaan & Hasil,bag1/Example LOINC Terminology (User
37623-6,XR Pelvis AP and Inlet and Outlet,"XR pelvis AP, inlet dan outlet",Radiologi,Permintaan & Hasil,bag1/Example LOINC Terminology (User
83034-9,XR Pelvis and Hip - bilateral GE 2 views for pediatrics,XR pelvis dan coxae anak minimal dua proyeksi,Radiologi,Permintaan & Hasil,bag1/Example LOINC Terminology (User
37617-8,XR Pelvis 2 Views,XR pelvis dua proyeksi,Radiologi,Permintaan & Hasil,bag1/Example LOINC Terminology (User
37628-5,XR Pelvis Inlet,XR pelvis inlet,Radiologi,Permintaan & Hasil,bag1/Example LOINC Terminology (User
37629-3,XR Pelvis Lateral,XR pelvis lateral,Radiologi,Permintaan & Hasil,bag1/Example LOINC Terminology (User
43543-8,XR Pelvis GE 3 Views,XR pelvis minimal tiga proyeksi,Radiologi,Permintaan & Hasil,bag1/Example LOINC Terminology (User
37630-1,XR Pelvis Oblique Views,XR pelvis oblique,Radiologi,Permintaan & Hasil,bag1/Example LOINC Terminology (User
37631-9,XR Pelvis Outlet,XR pelvis outlet,Radiologi,Permintaan & Hasil,bag1/Example LOINC Terminology (User
43522-2,XR Pelvis 1 or 2 Views,XR pelvis satu atau dua proyeksi,Radiologi,Permintaan & Hasil,bag1/Example LOINC Terminology (User
30766-0,XR Pelvis 3 Views,XR pelvis tiga proyeksi,Radiologi,Permintaan & Hasil,bag1/Example LOINC Terminology (User
37482-7,XR Wrist - bilateral 2 Views,XR pergelangan tangan (wrist joint) dua proyeksi bilateral,Radiologi,Permintaan & Hasil,bag1/Example LOINC Terminology (User
37925-5,XR Wrist 2 Views,XR pergelangan tangan dua proyeksi,Radiologi,Permintaan & Hasil,bag1/Example LOINC Terminology (User
44190-7,XR Wrist GE 3 Views,XR pergelangan tangan lengkap minimal tiga proyeksi,Radiologi,Permintaan & Hasil,bag1/Example LOINC Terminology (User
37651-7,XR Sacrum 2 Views,XR sacrum dua proyeksi,Radiologi,Permintaan & Hasil,bag1/Example LOINC Terminology (User
37652-5,XR Sacrum AP and Lateral,XR sacrum lateral,Radiologi,Permintaan & Hasil,bag1/Example LOINC Terminology (User
79367-9,XR Sacrum and Coccyx GE 2 Views,XR sakrum dan koksigea minimal dua proyeksi,Radiologi,Permintaan & Hasil,bag1/Example LOINC Terminology (User
24903-7,XR Scapula Views,XR scapula,Radiologi,Permintaan & Hasil,bag1/Example LOINC Terminology (User
37788-7,XR Scapula - right AP and Lateral,XR scapula AP dan lateral kanan,Radiologi,Permintaan & Hasil,bag1/Example LOINC Terminology (User
36715-1,XR Scapula - left AP and Lateral,XR scapula AP dan lateral kiri,Radiologi,Permintaan & Hasil,bag1/Example LOINC Terminology (User
39048-4,XR Scapula AP,XR scapula AP kanan,Radiologi,Permintaan & Hasil,bag1/Example LOINC Terminology (User
39048-4,XR Scapula AP,XR scapula AP kiri,Radiologi,Permintaan & Hasil,bag1/Example LOINC Terminology (User
26156-0,XR Scapula - right Views,XR scapula kanan,Radiologi,Permintaan & Hasil,bag1/Example LOINC Terminology (User
26155-2,XR Scapula - left Views,XR scapula kiri,Radiologi,Permintaan & Hasil,bag1/Example LOINC Terminology (User
24745-2,XR Petrous part of temporal bone Views,XR schuler view,Radiologi,Permintaan & Hasil,bag1/Example LOINC Terminology (User
43787-1,XR Skull and Facial bones and Mandible Views for dental measurement,XR sefalogram ortodonti,Radiologi,Permintaan & Hasil,bag1/Example LOINC Terminology (User
42159-4,XR Sella turcica Views,XR sella tursika,Radiologi,Permintaan & Hasil,bag1/Example LOINC Terminology (User
48467-5,XR Sacroiliac Joint 1 or 2 Views,XR sendi sakroiliaka kurang dari tiga proyeksi,Radiologi,Permintaan & Hasil,bag1/Example LOINC Terminology (User
44189-9,XR Sacroiliac Joint GE 3 Views,XR sendi sakroiliaka tiga proyeksi atau lebih,Radiologi,Permintaan & Hasil,bag1/Example LOINC Terminology (User
37882-8,XR Sternoclavicular Joint 4 Views,XR sendi sternoklavikula empat proyeksi,Radiologi,Permintaan & Hasil,bag1/Example LOINC Terminology (User
37881-0,XR Sternoclavicular Joint 3 Views,XR sendi sternoklavikula tiga proyeksi,Radiologi,Permintaan & Hasil,bag1/Example LOINC Terminology (User
37546-9,XR Temporomandibular joint - bilateral Open and Closed mouth,XR sendi temporomandibula buka dan tutup mulut bilateral,Radiologi,Permintaan & Hasil,bag1/Example LOINC Terminology (User
48699-3,XR Temporomandibular joint - unilateral Open and Closed mouth,XR sendi temporomandibula buka dan tutup mulut unilateral,Radiologi,Permintaan & Hasil,bag1/Example LOINC Terminology (User
95611-0,XR Teeth Occlusal Views,XR shift scath,Radiologi,Permintaan & Hasil,bag1/Example LOINC Terminology (User
39395-9,XR Shoulder - right AP internal rotation and AP external rotation,XR shoulder exo dan endo kanan,Radiologi,Permintaan & Hasil,bag1/Example LOINC Terminology (User
39328-0,XR Shoulder - left AP internal rotation and AP external rotation,XR shoulder exo dan endo kiri,Radiologi,Permintaan & Hasil,bag1/Example LOINC Terminology (User
38783-7,XR Shoulder - right AP and Axillary and Y,"XR shoulder joint axillary, AP dan Y-view kanan",Radiologi,Permintaan & Hasil,bag1/Example LOINC Terminology (User
37084-1,XR Shoulder - left AP and Axillary and Y,"XR shoulder joint axillary, AP dan Y-view kiri",Radiologi,Permintaan & Hasil,bag1/Example LOINC Terminology (User
39395-9,XR Shoulder - right AP internal rotation and AP external rotation,XR shoulder joint endo dan ekso kanan,Radiologi,Permintaan & Hasil,bag1/Example LOINC Terminology (User
39328-0,XR Shoulder - left AP internal rotation and AP external rotation,XR shoulder joint endo dan ekso kiri,Radiologi,Permintaan & Hasil,bag1/Example LOINC Terminology (User
26382-2,XR Shoulder - bilateral 3 Views,XR shoulder tiga proyeksi bilateral,Radiologi,Permintaan & Hasil,bag1/Example LOINC Terminology (User
37857-0,XR Sinuses Caldwell,XR sinus caldwell,Radiologi,Permintaan & Hasil,bag1/Example LOINC Terminology (User
24916-9,XR Sinuses Views,XR sinus paranasal,Radiologi,Permintaan & Hasil,bag1/Example LOINC Terminology (User
43523-0,XR Sinuses 1 or 2 Views,XR sinus paranasal kurang dari tiga proyeksi,Radiologi,Permintaan & Hasil,bag1/Example LOINC Terminology (User
43486-0,XR Sinuses GE 3 Views,XR sinus paranasal minimal tiga proyeksi,Radiologi,Permintaan & Hasil,bag1/Example LOINC Terminology (User
37862-0,XR Sinuses Lateral and Waters,XR sinus paranasal waters dan lateral,Radiologi,Permintaan & Hasil,bag1/Example LOINC Terminology (User
26154-5,XR Scapula - bilateral Views,XR skapula bilateral,Radiologi,Permintaan & Hasil,bag1/Example LOINC Terminology (User
37655-8,XR Scapula 2 Views,XR skapula dua proyeksi,Radiologi,Permintaan & Hasil,bag1/Example LOINC Terminology (User
37787-9,XR Scapula - right 2 Views,XR skapula dua proyeksi kanan,Radiologi,Permintaan & Hasil,bag1/Example LOINC Terminology (User
36666-6,XR Scapula - left 2 Views,XR skapula dua proyeksi kiri,Radiologi,Permintaan & Hasil,bag1/Example LOINC Terminology (User
69269-9,XR Skull AP,XR skull AP,Radiologi,Permintaan & Hasil,bag1/Example LOINC Terminology (User
24919-3,XR Skull AP and Lateral,XR skull AP dan lateral,Radiologi,Permintaan & Hasil,bag1/Example LOINC Terminology (User
24920-1,XR Skull Lateral,XR skull lateral,Radiologi,Permintaan & Hasil,bag1/Example LOINC Terminology (User
69270-7,XR Skull PA,XR skull PA,Radiologi,Permintaan & Hasil,bag1/Example LOINC Terminology (User
69256-6,XR Knee - right Sunrise,XR sky line kanan,Radiologi,Permintaan & Hasil,bag1/Example LOINC Terminology (User
43779-8,XR Knee - left Sunrise,XR sky line kiri,Radiologi,Permintaan & Hasil,bag1/Example LOINC Terminology (User
42439-0,XR Neck AP,XR soft tissue leher AP,Radiologi,Permintaan & Hasil,bag1/Example LOINC Terminology (User
24843-5,XR Neck Lateral,XR soft tissue leher lateral,Radiologi,Permintaan & Hasil,bag1/Example LOINC Terminology (User
72876-6,XR Surgical specimen Views,XR spesimen bedah,Radiologi,Permintaan & Hasil,bag1/Example LOINC Terminology (User
24834-4,XR Nasal bones Views,XR spot nasal lateral,Radiologi,Permintaan & Hasil,bag1/Example LOINC Terminology (User
37153-4,XR Mastoid Stenver and Arcelin,XR stenvers kanan,Radiologi,Permintaan & Hasil,bag1/Example LOINC Terminology (User
37153-4,XR Mastoid Stenver and Arcelin,XR stenvers kiri,Radiologi,Permintaan & Hasil,bag1/Example LOINC Terminology (User
37883-6,XR Sternum 2 Views,XR sternum minimal dua proyeksi,Radiologi,Permintaan & Hasil,bag1/Example LOINC Terminology (User
98330-4,XR Sternum PA Views,XR sternum PA,Radiologi,Permintaan & Hasil,bag1/Example LOINC Terminology (User
43518-0,XR Bones Survey Views,XR survey tulang (Bone Survey),Radiologi,Permintaan & Hasil,bag1/Example LOINC Terminology (User
83020-8,XR Bones Complete Survey Views,XR survey tulang lengkap,Radiologi,Permintaan & Hasil,bag1/Example LOINC Terminology (User
43519-8,XR Bones Limited Survey Views,XR survey tulang terbatas,Radiologi,Permintaan & Hasil,bag1/Example LOINC Terminology (User
38089-9,XR Bones Limited Survey Views for metastasis,XR survey tulang terbatas untuk metastasis,Radiologi,Permintaan & Hasil,bag1/Example LOINC Terminology (User
24721-3,XR Hand 2 Views,XR tangan dua proyeksi,Radiologi,Permintaan & Hasil,bag1/Example LOINC Terminology (User
79357-0,XR Hand GE 3 Views,XR tangan minimal tiga proyeksi,Radiologi,Permintaan & Hasil,bag1/Example LOINC Terminology (User
44206-1,XR Thoracic and lumbar spine for scoliosis single view,XR thoracolumbal bending kiri,Radiologi,Permintaan & Hasil,bag1/Example LOINC Terminology (User
36572-6,XR Chest AP,XR thorax AP,Radiologi,Permintaan & Hasil,bag1/Example LOINC Terminology (User
36643-5,XR Chest 2 Views,XR thorax dua proyeksi,Radiologi,Permintaan & Hasil,bag1/Example LOINC Terminology (User
36687-2,XR Chest AP and Lateral,XR thorax dua proyeksi AP dan lateral,Radiologi,Permintaan & Hasil,bag1/Example LOINC Terminology (User
36759-9,XR Chest PA and Apical lordotic,XR thorax dua proyeksi PA dan lateral dengan prosedur top lordotik,Radiologi,Permintaan & Hasil,bag1/Example LOINC Terminology (User
39051-8,XR Chest Lateral,XR thorax lateral,Radiologi,Permintaan & Hasil,bag1/Example LOINC Terminology (User
39051-8,XR Chest Lateral,XR thorax lateral kanan,Radiologi,Permintaan & Hasil,bag1/Example LOINC Terminology (User
30737-1,XR Chest Left lateral,XR thorax lateral kiri,Radiologi,Permintaan & Hasil,bag1/Example LOINC Terminology (User
24637-1,XR Chest AP left lateral-decubitus,XR thorax LLD,Radiologi,Permintaan & Hasil,bag1/Example LOINC Terminology (User
37010-6,XR Chest Right oblique,XR thorax oblique kanan,Radiologi,Permintaan & Hasil,bag1/Example LOINC Terminology (User
37008-0,XR Chest Left oblique,XR thorax oblique kiri,Radiologi,Permintaan & Hasil,bag1/Example LOINC Terminology (User
24648-8,XR Chest PA upright,XR thorax PA,Radiologi,Permintaan & Hasil,bag1/Example LOINC Terminology (User
42272-5,XR Chest PA and Lateral,XR thorax PA dan lateral,Radiologi,Permintaan & Hasil,bag1/Example LOINC Terminology (User
30744-7,XR Chest PA and Lateral and Oblique,"XR thorax PA, lateral dan oblique",Radiologi,Permintaan & Hasil,bag1/Example LOINC Terminology (User
39074-0,XR Chest AP and Lateral and Right oblique and Left oblique,"XR thorax PA, lateral dengan proyeksi oblique kanan dan kiri",Radiologi,Permintaan & Hasil,bag1/Example LOINC Terminology (User
43466-2,XR Chest AP right lateral-decubitus,XR thorax RLD,Radiologi,Permintaan & Hasil,bag1/Example LOINC Terminology (User
36554-4,XR Chest Single view,XR thorax satu proyeksi,Radiologi,Permintaan & Hasil,bag1/Example LOINC Terminology (User
37895-0,XR Tibia and Fibula 2 Views,XR tibia dan fibula dua proyeksi,Radiologi,Permintaan & Hasil,bag1/Example LOINC Terminology (User
37325-8,XR Temporomandibular joint - bilateral Views,XR TMJ bilateral,Radiologi,Permintaan & Hasil,bag1/Example LOINC Terminology (User
48490-7,XR Temporomandibular joint - right Open and Closed mouth,XR TMJ buka mulut kanan,Radiologi,Permintaan & Hasil,bag1/Example LOINC Terminology (User
48491-5,XR Temporomandibular joint - left Open and Closed mouth,XR TMJ buka mulut kiri,Radiologi,Permintaan & Hasil,bag1/Example LOINC Terminology (User
48490-7,XR Temporomandibular joint - right Open and Closed mouth,XR TMJ tutup mulut kanan,Radiologi,Permintaan & Hasil,bag1/Example LOINC Terminology (User
48491-5,XR Temporomandibular joint - left Open and Closed mouth,XR TMJ tutup mulut kiri,Radiologi,Permintaan & Hasil,bag1/Example LOINC Terminology (User
24640-5,XR Chest Apical lordotic,XR top lordotik,Radiologi,Permintaan & Hasil,bag1/Example LOINC Terminology (User
37870-3,XR Skull Towne,XR towne,Radiologi,Permintaan & Hasil,bag1/Example LOINC Terminology (User
98283-5,XR Gastrointestinal tract upper Views,XR traktus gastrointestinal atas,Radiologi,Permintaan & Hasil,bag1/Example LOINC Terminology (User
39149-0,XR Gastrointestinal tract and Pulmonary system Single view for foreign body,"XR traktus gastrointestinal dan sistem pulmoner untuk mencari benda asing, satu proyeksi",Radiologi,Permintaan & Hasil,bag1/Example LOINC Terminology (User
44199-8,XR Facial bones 1 or 2 Views,XR tulang wajah kurang dari tiga proyeksi,Radiologi,Permintaan & Hasil,bag1/Example LOINC Terminology (User
48479-0,XR Facial bones GE 3 Views,XR tulang wajah minimal tiga proyeksi,Radiologi,Permintaan & Hasil,bag1/Example LOINC Terminology (User
38101-2,XR Kidney Views W contrast antegrade,XR urografi (pielografi) dengan kontras antegrade,Radiologi,Permintaan & Hasil,bag1/Example LOINC Terminology (User
37607-9,XR Kidney Views W contrast IV,XR urografi (pielografi) dengan kontras IV,Radiologi,Permintaan & Hasil,bag1/Example LOINC Terminology (User
38105-3,XR Kidney Views W contrast retrograde,XR urografi (pielografi) dengan kontras retrograde,Radiologi,Permintaan & Hasil,bag1/Example LOINC Terminology (User
85151-9,XR Bone age,XR usia tulang (bone age),Radiologi,Permintaan & Hasil,bag1/Example LOINC Terminology (User
43539-6,XR Cervical spine 2 or 3 Views,XR vertebra cervical dua atau tiga proyeksi,Radiologi,Permintaan & Hasil,bag1/Example LOINC Terminology (User
44212-9,XR Cervical spine GE 4 Views,XR vertebra cervical minimal empat proyeksi,Radiologi,Permintaan & Hasil,bag1/Example LOINC Terminology (User
83022-4,XR Cervical spine 2 or 3 views and (Views W flexion and W extension) and Views oblique,"XR vertebra cervical oblique, fleksi dan ekstensi",Radiologi,Permintaan & Hasil,bag1/Example LOINC Terminology (User
24940-9,XR Cervical spine Single view,XR vertebra cervical satu proyeksi,Radiologi,Permintaan & Hasil,bag1/Example LOINC Terminology (User
37481-9,XR Cervical and thoracic spine Views,XR vertebra cervicothoracal,Radiologi,Permintaan & Hasil,bag1/Example LOINC Terminology (User
93605-4,XR Skull to Coccyx 2 or 3 Views,XR vertebra lengkap AP dan lateral (whole spine),Radiologi,Permintaan & Hasil,bag1/Example LOINC Terminology (User
93606-2,XR Skull to Coccyx 4 or 5 Views,XR vertebra lengkap empat atau lima proyeksi (whole spine),Radiologi,Permintaan & Hasil,bag1/Example LOINC Terminology (User
93607-0,XR Skull to Coccyx GE 6 Views,XR vertebra lengkap minimal enam proyeksi (whole spine),Radiologi,Permintaan & Hasil,bag1/Example LOINC Terminology (User
93606-2,XR Skull to Coccyx 4 or 5 Views,XR vertebra lengkap stitch view (scoliosis series),Radiologi,Permintaan & Hasil,bag1/Example LOINC Terminology (User
24970-6,XR Lumbar spine AP and Lateral,XR vertebra lumbal AP dan lateral,Radiologi,Permintaan & Hasil,bag1/Example LOINC Terminology (User
36735-9,XR Lumbar spine AP and Lateral and oblique,"XR vertebra lumbal AP, lateral dan oblique",Radiologi,Permintaan & Hasil,bag1/Example LOINC Terminology (User
24971-4,XR Lumbar spine Views W flexion and W extension,XR vertebra lumbal dinamik fleksi dan ekstensi,Radiologi,Permintaan & Hasil,bag1/Example LOINC Terminology (User
48469-1,XR Lumbar spine 2 or 3 Views,XR vertebra lumbal dua atau tiga proyeksi,Radiologi,Permintaan & Hasil,bag1/Example LOINC Terminology (User
36670-8,XR Lumbar spine 2 Views,XR vertebra lumbal dua proyeksi,Radiologi,Permintaan & Hasil,bag1/Example LOINC Terminology (User
36332-5,XR Lumbar spine 4 Views,XR vertebra lumbal empat proyeksi,Radiologi,Permintaan & Hasil,bag1/Example LOINC Terminology (User
30773-6,XR Lumbar spine Single view,XR vertebra lumbal satu proyeksi,Radiologi,Permintaan & Hasil,bag1/Example LOINC Terminology (User
37340-7,XR Spine Lumbar and Sacrum Views,XR vertebra lumbosakral,Radiologi,Permintaan & Hasil,bag1/Example LOINC Terminology (User
37340-7,XR Spine Lumbar and Sacrum Views,XR vertebra lumbosakral AP,Radiologi,Permintaan & Hasil,bag1/Example LOINC Terminology (User
79371-1,XR Spine Lumbar and Sacrum GE 2 Views,XR vertebra lumbosakral AP dan lateral,Radiologi,Permintaan & Hasil,bag1/Example LOINC Terminology (User
48473-3,XR Spine Lumbar and Sacrum 4 Views,"XR vertebra lumbosakral AP, lateral dan oblique bilateral",Radiologi,Permintaan & Hasil,bag1/Example LOINC Terminology (User
79371-1,XR Spine Lumbar and Sacrum GE 2 Views,XR vertebra lumbosakral dua atau tiga proyeksi,Radiologi,Permintaan & Hasil,bag1/Example LOINC Terminology (User
79371-1,XR Spine Lumbar and Sacrum GE 2 Views,XR vertebra lumbosakral dua proyeksi,Radiologi,Permintaan & Hasil,bag1/Example LOINC Terminology (User
24969-8,XR Lumbar spine Lateral,XR vertebra lumbosakral lateral,Radiologi,Permintaan & Hasil,bag1/Example LOINC Terminology (User
37132-8,XR Lumbar spine Lateral Views W flexion and W extension,XR vertebra lumbosakral lateral flexi dan extensi,Radiologi,Permintaan & Hasil,bag1/Example LOINC Terminology (User
79372-9,XR Spine Lumbar and Sacrum GE 4 Views,XR vertebra lumbosakral minimal empat proyeksi,Radiologi,Permintaan & Hasil,bag1/Example LOINC Terminology (User
30778-5,XR Lumbar spine Oblique,XR vertebra lumbosakral oblique,Radiologi,Permintaan & Hasil,bag1/Example LOINC Terminology (User
94684-8,XR Spine Lumbar and Sacrum GE 6 Views W right bending and W left bending,XR vertebra lumbosakral proyeksi bending minimal 6 proyeksi,Radiologi,Permintaan & Hasil,bag1/Example LOINC Terminology (User
83038-0,XR Lumbar spine Greater than 4 views and (Greater than 1 view W R-bending and W L-bending),XR vertebra lumbosakral proyeksi bending minimal empat proyeksi,Radiologi,Permintaan & Hasil,bag1/Example LOINC Terminology (User
44179-0,XR Sacrum and Coccyx 2 Views,XR vertebra sacrococcygeus AP dan lateral,Radiologi,Permintaan & Hasil,bag1/Example LOINC Terminology (User
39049-2,XR Thoracic and lumbar spine AP,XR vertebra thoracolumbar AP,Radiologi,Permintaan & Hasil,bag1/Example LOINC Terminology (User
38123-6,XR Thoracic and lumbar spine AP and Lateral,XR vertebra thoracolumbar AP lateral,Radiologi,Permintaan & Hasil,bag1/Example LOINC Terminology (User
42429-1,XR Thoracic and lumbar spine AP for scoliosis W standing and W right bending,XR vertebra thoracolumbar bending kanan,Radiologi,Permintaan & Hasil,bag1/Example LOINC Terminology (User
42425-9,XR Thoracic and lumbar spine AP Views for scoliosis W standing and W right bending and W left bending and WO bending,XR vertebra thoracolumbar bending kanan dan kiri,Radiologi,Permintaan & Hasil,bag1/Example LOINC Terminology (User
24984-7,XR Thoracic and lumbar spine 2 Views,XR vertebra thoracolumbar dua proyeksi,Radiologi,Permintaan & Hasil,bag1/Example LOINC Terminology (User
30716-5,XR Thoracic and lumbar spine Lateral Views for scoliosis,XR vertebra thoracolumbar lateral,Radiologi,Permintaan & Hasil,bag1/Example LOINC Terminology (User
30717-3,XR Thoracic and lumbar spine Views for scoliosis W standing,XR vertebra thoracolumbar tegak (pemeriksaan skoliosis),Radiologi,Permintaan & Hasil,bag1/Example LOINC Terminology (User
37907-3,XR Thoracic spine 4 Views,XR vertebra thorakal 4 proyeksi,Radiologi,Permintaan & Hasil,bag1/Example LOINC Terminology (User
30752-0,XR Thoracic spine AP,XR vertebra thorakal AP,Radiologi,Permintaan & Hasil,bag1/Example LOINC Terminology (User
30753-8,XR Thoracic spine AP and Lateral,XR vertebra thorakal AP dan lateral,Radiologi,Permintaan & Hasil,bag1/Example LOINC Terminology (User
37908-1,XR Thoracic spine AP and Lateral and oblique,"XR vertebra thorakal AP, lateral dan oblique",Radiologi,Permintaan & Hasil,bag1/Example LOINC Terminology (User
38121-0,XR Thoracic and lumbar spine Single view,XR vertebra thorakal dan lumbar satu proyeksi,Radiologi,Permintaan & Hasil,bag1/Example LOINC Terminology (User
37905-7,XR Thoracic spine 2 Views,XR vertebra thorakal dua proyeksi,Radiologi,Permintaan & Hasil,bag1/Example LOINC Terminology (User
30756-1,XR Thoracic spine Lateral,XR vertebra thorakal lateral,Radiologi,Permintaan & Hasil,bag1/Example LOINC Terminology (User
30758-7,XR Thoracic spine Oblique,XR vertebra thorakal oblique kanan,Radiologi,Permintaan & Hasil,bag1/Example LOINC Terminology (User
30758-7,XR Thoracic spine Oblique,XR vertebra thorakal oblique kiri,Radiologi,Permintaan & Hasil,bag1/Example LOINC Terminology (User
37904-0,XR Thoracic spine Single view,XR vertebra thorakal satu proyeksi,Radiologi,Permintaan & Hasil,bag1/Example LOINC Terminology (User
37906-5,XR Thoracic spine 3 Views,XR vertebra thorakal tiga proyeksi,Radiologi,Permintaan & Hasil,bag1/Example LOINC Terminology (User
24921-9,XR Skull Waters,XR waters,Radiologi,Permintaan & Hasil,bag1/Example LOINC Terminology (User
37863-8,XR Sinuses Waters,XR waters sinus paranasalis,Radiologi,Permintaan & Hasil,bag1/Example LOINC Terminology (User
26169-3,XR Wrist - bilateral Views,XR wrist bilateral,Radiologi,Permintaan & Hasil,bag1/Example LOINC Terminology (User
37483-5,XR Wrist - left 2 Views,XR wrist dua proyeksi,Radiologi,Permintaan & Hasil,bag1/Example LOINC Terminology (User
37832-3,XR Wrist - right AP and Lateral,XR wrist joint dextra AP dan lateral,Radiologi,Permintaan & Hasil,bag1/Example LOINC Terminology (User
38860-3,XR Wrist - left AP and Lateral,XR wrist joint sinistra AP dan lateral,Radiologi,Permintaan & Hasil,bag1/Example LOINC Terminology (User
36550-2,XR Abdomen Single view,XR abdomen 1 proyeksi,Radiologi,Permintaan & Hasil,bag2/XR
24799-9,XR Abdomen AP,XR abdomen AP,Radiologi,Permintaan & Hasil,bag2/XR
83016-6,XR Abdomen GE 3 Views AP and Oblique and Cone,XR abdomen AP oblique dan cone,Radiologi,Permintaan & Hasil,bag2/XR
83019-0,XR Chest and Abdomen and Pelvis View babygram,XR abdomen dan thorax babygram,Radiologi,Permintaan & Hasil,bag2/XR
36641-9,XR Abdomen 2 Views,XR abdomen dua proyeksi,Radiologi,Permintaan & Hasil,bag2/XR
42019-0,XR Abdomen upright and left lateral decubitus,XR abdomen lengkap proyeksi erect dan dekubitus,Radiologi,Permintaan & Hasil,bag2/XR
94679-8,XR Chest Single View and Abdomen Supine and Upright and Lateral-decubitus,"XR abdomen lengkap proyeksi supine, erect, dan lateral dekubitus",Radiologi,Permintaan & Hasil,bag2/XR
24561-3,XR Abdomen AP left lateral-decubitus,XR abdomen LLD (Left Lateral Decubitus),Radiologi,Permintaan & Hasil,bag2/XR
36550-2,XR Abdomen Single view,XR abdomen polos dengan sonde (BNO dengan sonde),Radiologi,Permintaan & Hasil,bag2/XR
24563-9,XR Abdomen AP right lateral-decubitus,XR abdomen RLD (Right Lateral Decubitus),Radiologi,Permintaan & Hasil,bag2/XR
36293-9,XR Abdomen 3 Views,XR abdomen tiga proyeksi,Radiologi,Permintaan & Hasil,bag2/XR
37667-3,XR Ankle - right AP and Lateral,XR ankle AP dan lateral kanan,Radiologi,Permintaan & Hasil,bag2/XR
36685-6,XR Ankle - left AP and Lateral,XR ankle AP dan lateral kiri,Radiologi,Permintaan & Hasil,bag2/XR
37095-7,XR Ankle AP and Lateral and Mortise,"XR ankle AP, lateral dan mortis",Radiologi,Permintaan & Hasil,bag2/XR
37096-5,XR Ankle - bilateral AP and Lateral and Mortise,"XR ankle AP, lateral dan mortis bilateral",Radiologi,Permintaan & Hasil,bag2/XR
37666-5,XR Ankle - right AP and Lateral and Mortise,"XR ankle AP, lateral dan mortise kanan",Radiologi,Permintaan & Hasil,bag2/XR
37097-3,XR Ankle - left AP and Lateral and Mortise,"XR ankle AP, lateral dan mortise kiri",Radiologi,Permintaan & Hasil,bag2/XR
26385-5,XR Ankle - bilateral 2 Views,XR ankle bilateral dua proyeksi,Radiologi,Permintaan & Hasil,bag2/XR
24540-7,XR Ankle 2 Views,XR ankle dua proyeksi,Radiologi,Permintaan & Hasil,bag2/XR
26387-1,XR Ankle - right 2 Views,XR ankle dua proyeksi kanan,Radiologi,Permintaan & Hasil,bag2/XR
26386-3,XR Ankle - left 2 Views,XR ankle dua proyeksi kiri,Radiologi,Permintaan & Hasil,bag2/XR
44210-3,XR Ankle GE 3 Views,XR ankle lengkap minimal tiga proyeksi,Radiologi,Permintaan & Hasil,bag2/XR
37007-2,XR Ankle Mortise,XR ankle mortise kanan,Radiologi,Permintaan & Hasil,bag2/XR
37007-2,XR Ankle Mortise,XR ankle mortise kiri,Radiologi,Permintaan & Hasil,bag2/XR
36294-7,XR Ankle 3 Views,XR ankle tiga proyeksi,Radiologi,Permintaan & Hasil,bag2/XR
36295-4,XR Ankle - bilateral 3 Views,XR ankle tiga proyeksi bilateral,Radiologi,Permintaan & Hasil,bag2/XR
37665-7,XR Ankle - right 3 Views,XR ankle tiga proyeksi kanan,Radiologi,Permintaan & Hasil,bag2/XR
36296-2,XR Ankle - left 3 Views,XR ankle tiga proyeksi kiri,Radiologi,Permintaan & Hasil,bag2/XR
37708-5,XR Radius and Ulna - right AP and Lateral,XR antebrachi AP dan lateral kanan,Radiologi,Permintaan & Hasil,bag2/XR
36700-3,XR Radius and Ulna - left AP and Lateral,XR antebrachi AP dan lateral kiri,Radiologi,Permintaan & Hasil,bag2/XR
103513-8,XR Radius and Ulna - bilateral 3 Views,XR antebrachi bilateral 3 proyeksi,Radiologi,Permintaan & Hasil,bag2/XR
36658-3,XR Radius and Ulna 2 Views,XR antebrachi dua proyeksi,Radiologi,Permintaan & Hasil,bag2/XR
36659-1,XR Radius and Ulna - bilateral 2 Views,XR antebrachi dua proyeksi bilateral,Radiologi,Permintaan & Hasil,bag2/XR
26146-1,XR Radius and Ulna - bilateral Views,XR antebrachi dua proyeksi kanan atau kiri,Radiologi,Permintaan & Hasil,bag2/XR
103378-6,XR Radius and Ulna - right 3 Views,XR antebrachi kanan 3 proyeksi,Radiologi,Permintaan & Hasil,bag2/XR
103374-5,XR Radius and Ulna - left 3 Views,XR antebrachi kiri 3 proyeksi,Radiologi,Permintaan & Hasil,bag2/XR
37726-7,XR Hip - right AP,XR artc. coxae axial kanan,Radiologi,Permintaan & Hasil,bag2/XR
36582-5,XR Hip - left AP,XR artc. coxae axial kiri,Radiologi,Permintaan & Hasil,bag2/XR
26131-3,XR Hip - left Views,XR artc. coxae kiri,Radiologi,Permintaan & Hasil,bag2/XR
37730-9,XR Hip - right Lateral,XR artc. coxae lateral kanan,Radiologi,Permintaan & Hasil,bag2/XR
36603-9,XR Hip - left Lateral,XR artc. coxae lateral kiri,Radiologi,Permintaan & Hasil,bag2/XR
37728-3,XR Hip - right Oblique crosstable,XR artc. coxae oblique kanan,Radiologi,Permintaan & Hasil,bag2/XR
37545-1,XR Hip - left Oblique crosstable,XR artc. coxae oblique kiri,Radiologi,Permintaan & Hasil,bag2/XR
36984-3,XR Abdomen Lateral crosstable,XR atresia ani,Radiologi,Permintaan & Hasil,bag2/XR
37798-6,XR Shoulder - right AP,XR bahu AP kanan,Radiologi,Permintaan & Hasil,bag2/XR
36587-4,XR Shoulder - left AP,XR bahu AP kiri,Radiologi,Permintaan & Hasil,bag2/XR
37800-0,XR Shoulder - right Axillary,XR bahu axial kanan,Radiologi,Permintaan & Hasil,bag2/XR
36964-5,XR Shoulder - left Axillary,XR bahu axial kiri,Radiologi,Permintaan & Hasil,bag2/XR
36329-1,XR Shoulder - bilateral 4 Views,XR bahu bilateral 4 proyeksi,Radiologi,Permintaan & Hasil,bag2/XR
103450-3,XR Shoulder - bilateral 5 Views,XR bahu bilateral 5 proyeksi,Radiologi,Permintaan & Hasil,bag2/XR
37840-6,XR Shoulder 2 Views,XR bahu dua proyeksi,Radiologi,Permintaan & Hasil,bag2/XR
36667-4,XR Shoulder - bilateral 2 Views,XR bahu dua proyeksi bilateral,Radiologi,Permintaan & Hasil,bag2/XR
37793-7,XR Shoulder - right 2 Views,XR bahu dua proyeksi kanan,Radiologi,Permintaan & Hasil,bag2/XR
36668-2,XR Shoulder - left 2 Views,XR bahu dua proyeksi kiri,Radiologi,Permintaan & Hasil,bag2/XR
79370-3,XR Shoulder GE 2 Views,XR bahu minimal dua proyeksi,Radiologi,Permintaan & Hasil,bag2/XR
30748-8,XR Shoulder Single view,XR bahu satu proyeksi,Radiologi,Permintaan & Hasil,bag2/XR
26384-8,XR Shoulder - right 3 Views,XR bahu tiga proyeksi kanan,Radiologi,Permintaan & Hasil,bag2/XR
26383-0,XR Shoulder - left 3 Views,XR bahu tiga proyeksi kiri,Radiologi,Permintaan & Hasil,bag2/XR
48697-7,XR Skull base Views,XR basis cranium,Radiologi,Permintaan & Hasil,bag2/XR
24561-3,XR Abdomen AP left lateral-decubitus,XR BOF - LLD,Radiologi,Permintaan & Hasil,bag2/XR
36550-2,XR Abdomen Single view,XR BOF/BNO/KUB,Radiologi,Permintaan & Hasil,bag2/XR
37046-0,XR Abdomen Upright,XR BOF/BNO/KUB erect,Radiologi,Permintaan & Hasil,bag2/XR
36293-9,XR Abdomen 3 Views,XR BOF/BNO/KUB tiga proyeksi,Radiologi,Permintaan & Hasil,bag2/XR
30813-0,XR Lung - bilateral Views W contrast intrabronchial,XR bronkografi bilateral,Radiologi,Permintaan & Hasil,bag2/XR
64997-0,XR Lung - right Views W contrast intrabronchial,XR bronkografi kanan,Radiologi,Permintaan & Hasil,bag2/XR
64996-2,XR Lung - left Views W contrast intrabronchial,XR bronkografi kiri,Radiologi,Permintaan & Hasil,bag2/XR
48433-7,XR Calcaneus - bilateral 2 Views,XR calcaneus bilateral 2 proyeksi,Radiologi,Permintaan & Hasil,bag2/XR
98303-1,XR Calcaneus - right Lateral,XR calcaneus lateral kanan,Radiologi,Permintaan & Hasil,bag2/XR
98311-4,XR Calcaneus - left Lateral,XR calcaneus lateral kiri,Radiologi,Permintaan & Hasil,bag2/XR
94682-2,XR Calcaneus GE 2 Views,XR calcaneus minimal dua proyeksi,Radiologi,Permintaan & Hasil,bag2/XR
26118-0,XR Femur - bilateral Views,XR caput femur bilateral,Radiologi,Permintaan & Hasil,bag2/XR
26122-2,XR Femur - right Views,XR caput femur kanan,Radiologi,Permintaan & Hasil,bag2/XR
26120-6,XR Femur - left Views,XR caput femur kiri,Radiologi,Permintaan & Hasil,bag2/XR
37338-1,XR Skull and Facial bones and Mandible Views,XR cephalometri,Radiologi,Permintaan & Hasil,bag2/XR
36331-7,XR Cervical spine 4 Views,XR cervical 4 proyeksi,Radiologi,Permintaan & Hasil,bag2/XR
60648-3,Adenoid width Skull X-ray measured,XR cervical adenoid/fujioka,Radiologi,Permintaan & Hasil,bag2/XR
30725-6,XR Cervical spine AP,XR cervical AP,Radiologi,Permintaan & Hasil,bag2/XR
30725-6,XR Cervical spine AP,XR cervical AP close mouth,Radiologi,Permintaan & Hasil,bag2/XR
24942-5,XR Cervical spine AP and Lateral,XR cervical AP dan lateral,Radiologi,Permintaan & Hasil,bag2/XR
98359-3,XR Cervical spine Odontoid,XR cervical AP open mouth,Radiologi,Permintaan & Hasil,bag2/XR
36734-2,XR Cervical spine AP and Lateral and oblique,"XR cervical AP, lateral dan oblique",Radiologi,Permintaan & Hasil,bag2/XR
36669-0,XR Cervical spine 2 Views,XR cervical dua proyeksi,Radiologi,Permintaan & Hasil,bag2/XR
98360-1,XR Cervical spine Single view W extension,XR cervical extensi,Radiologi,Permintaan & Hasil,bag2/XR
24945-8,XR Cervical spine Views W flexion and W extension,XR cervical fleksi dan ekstensi,Radiologi,Permintaan & Hasil,bag2/XR
98358-5,XR Cervical spine Single view W flexion,XR cervical flexi,Radiologi,Permintaan & Hasil,bag2/XR
24948-2,XR Spine Cervical Odontoid and Cervical axis AP,XR cervical I dan odontoid,Radiologi,Permintaan & Hasil,bag2/XR
24943-3,XR Cervical spine Lateral,XR cervical lateral,Radiologi,Permintaan & Hasil,bag2/XR
36748-2,XR Cervical spine Oblique Views,XR cervical oblique,Radiologi,Permintaan & Hasil,bag2/XR
24573-8,XR Biliary ducts and Gallbladder Views W contrast IV,XR cholangiography,Radiologi,Permintaan & Hasil,bag2/XR
24664-5,XR Clavicle Views,XR clavicula,Radiologi,Permintaan & Hasil,bag2/XR
97364-4,XR Clavicle - right Axial,XR clavicula AP axial kanan,Radiologi,Permintaan & Hasil,bag2/XR
97349-5,XR Clavicle - left Axial,XR clavicula AP axial kiri,Radiologi,Permintaan & Hasil,bag2/XR
97376-8,XR Clavicle - bilateral AP,XR clavicula AP bilateral,Radiologi,Permintaan & Hasil,bag2/XR
97362-8,XR Clavicle - right AP,XR clavicula AP kanan,Radiologi,Permintaan & Hasil,bag2/XR
97347-9,XR Clavicle - left AP,XR clavicula AP kiri,Radiologi,Permintaan & Hasil,bag2/XR
26106-5,XR Clavicle - bilateral Views,XR clavicula bilateral,Radiologi,Permintaan & Hasil,bag2/XR
26108-1,XR Clavicle - right Views,XR clavicula kanan,Radiologi,Permintaan & Hasil,bag2/XR
26107-3,XR Clavicle - left Views,XR clavicula kiri,Radiologi,Permintaan & Hasil,bag2/XR
98356-9,XR Coccyx AP,XR coccygeus AP,Radiologi,Permintaan & Hasil,bag2/XR
98357-7,XR Coccyx Lateral,XR coccygeus lateral,Radiologi,Permintaan & Hasil,bag2/XR
30720-7,XR Orbit - bilateral Views for foreign body,XR comberg bilateral,Radiologi,Permintaan & Hasil,bag2/XR
44208-7,XR Orbit Views for foreign body,XR comberg unilateral,Radiologi,Permintaan & Hasil,bag2/XR
39050-0,XR Ribs AP,XR costae AP,Radiologi,Permintaan & Hasil,bag2/XR
24899-7,XR Ribs Views,XR costae axial,Radiologi,Permintaan & Hasil,bag2/XR
37784-6,XR Ribs - right Lateral,XR costae lateral kanan,Radiologi,Permintaan & Hasil,bag2/XR
38857-9,XR Ribs - left Lateral,XR costae lateral kiri,Radiologi,Permintaan & Hasil,bag2/XR
97447-7,XR Ribs - right Oblique,XR costae oblique kanan,Radiologi,Permintaan & Hasil,bag2/XR
97365-1,XR Ribs - left Oblique,XR costae oblique kiri,Radiologi,Permintaan & Hasil,bag2/XR
97448-5,XR Ribs - right PA,XR costae PA kanan,Radiologi,Permintaan & Hasil,bag2/XR
97366-9,XR Ribs - left PA,XR costae PA kiri,Radiologi,Permintaan & Hasil,bag2/XR
26400-2,XR Hip - bilateral Single view,XR coxae bilateral 1 proyeksi,Radiologi,Permintaan & Hasil,bag2/XR
69058-6,XR Hip - bilateral 2 Views,XR coxae bilateral 1 proyeksi,Radiologi,Permintaan & Hasil,bag2/XR
36308-5,XR Hip - bilateral 3 Views,XR coxae bilateral 1 proyeksi,Radiologi,Permintaan & Hasil,bag2/XR
79358-8,XR Hip - bilateral GE 4 Views,XR coxae bilateral 1 proyeksi,Radiologi,Permintaan & Hasil,bag2/XR
83031-5,XR Pelvis AP and Hip - bilateral GE 2 Views,XR coxae dan pelvis AP minimal dua proyeksi bilateral,Radiologi,Permintaan & Hasil,bag2/XR
47372-8,XR Hip Views during surgery,XR coxae intraoperatif,Radiologi,Permintaan & Hasil,bag2/XR
26132-1,XR Hip - right Views,XR coxae kanan,Radiologi,Permintaan & Hasil,bag2/XR
26131-3,XR Hip - left Views,XR coxae kiri,Radiologi,Permintaan & Hasil,bag2/XR
79361-2,XR Hip GE 2 Views,XR coxae minimal dua proyeksi unilateral,Radiologi,Permintaan & Hasil,bag2/XR
24761-9,XR Hip Single view,XR coxae satu proyeksi unilateral,Radiologi,Permintaan & Hasil,bag2/XR
24917-7,XR Skull Single view,XR cranium 1 proyeksi,Radiologi,Permintaan & Hasil,bag2/XR
37867-9,XR Skull 2 Views,XR cranium 2 proyeksi (AP & Lateral ),Radiologi,Permintaan & Hasil,bag2/XR
24918-5,XR Skull 3 Views,"XR cranium AP, lateral dan towne",Radiologi,Permintaan & Hasil,bag2/XR
25011-8,XR Tibia and Fibula Views,XR cruris,Radiologi,Permintaan & Hasil,bag2/XR
103350-5,XR Tibia and Fibula - left 3 Views,XR cruris 3 proyeksi,Radiologi,Permintaan & Hasil,bag2/XR
103354-7,XR Tibia and Fibula - right 3 Views,XR cruris 3 proyeksi,Radiologi,Permintaan & Hasil,bag2/XR
37816-6,XR Tibia and Fibula - right AP and Lateral,XR cruris AP dan lateral kanan,Radiologi,Permintaan & Hasil,bag2/XR
36718-5,XR Tibia and Fibula - left AP and Lateral,XR cruris AP dan lateral kiri,Radiologi,Permintaan & Hasil,bag2/XR
37895-0,XR Tibia and Fibula 2 Views,XR cruris dua proyeksi,Radiologi,Permintaan & Hasil,bag2/XR
36671-6,XR Tibia and Fibula - bilateral 2 Views,XR cruris dua proyeksi bilateral,Radiologi,Permintaan & Hasil,bag2/XR
37815-8,XR Tibia and Fibula - right 2 Views,XR cruris dua proyeksi kanan,Radiologi,Permintaan & Hasil,bag2/XR
36672-4,XR Tibia and Fibula - left 2 Views,XR cruris dua proyeksi kiri,Radiologi,Permintaan & Hasil,bag2/XR
36300-2,XR Elbow - bilateral 3 Views,XR cubiti Bilateral 3 proyeksi,Radiologi,Permintaan & Hasil,bag2/XR
36322-6,XR Elbow - bilateral 4 Views,XR cubiti Bilateral 4 proyeksi,Radiologi,Permintaan & Hasil,bag2/XR
36649-2,XR Elbow - bilateral 2 Views,XR cubiti dua proyeksi bilateral,Radiologi,Permintaan & Hasil,bag2/XR
26109-9,XR Elbow - bilateral Views,XR cubiti dua proyeksi kanan atau kiri,Radiologi,Permintaan & Hasil,bag2/XR
79353-9,XR Elbow GE 3 Views,XR cubiti minimal tiga proyeksi,Radiologi,Permintaan & Hasil,bag2/XR
47367-8,XR and RF Chest GE 4 Views and Views,XR dan RF thorax minimal empat proyeksi,Radiologi,Permintaan & Hasil,bag2/XR
39066-6,XR and RF Chest AP and Lateral and Views,XR dan RF thorax proyeksi AP dan lateral,Radiologi,Permintaan & Hasil,bag2/XR
36751-6,XR and RF Chest PA and Lateral and Views,XR dan RF thorax proyeksi PA dan lateral,Radiologi,Permintaan & Hasil,bag2/XR
86423-1,XR Abdomen and RF Gastrointestinal tract upper W contrast PO,XR dan RF traktus gastrointestinal atas dan BNO dengan kontras PO,Radiologi,Permintaan & Hasil,bag2/XR
86421-5,XR Abdomen and RF Gastrointestinal tract upper W air contrast PO and W barium contrast PO,XR dan RF traktus gastrointestinal atas dan BNO dengan kontras PO dan kontras barium PO,Radiologi,Permintaan & Hasil,bag2/XR
62443-7,Single view Teeth Document XR,XR dental,Radiologi,Permintaan & Hasil,bag2/XR
98282-7,XR Stomach and Duodenum Views,XR duodenografi,Radiologi,Permintaan & Hasil,bag2/XR
83049-7,XR Upper extremity GE 2 Views,XR ekstremitas atas minimal dua proyeksi,Radiologi,Permintaan & Hasil,bag2/XR
83036-4,XR Lower extremity GE 2 Views,XR ekstremitas bawah minimal dua proyeksi,Radiologi,Permintaan & Hasil,bag2/XR
37684-8,XR Elbow - right AP and Lateral,XR elbow AP dan lateral kanan,Radiologi,Permintaan & Hasil,bag2/XR
36691-4,XR Elbow - left AP and Lateral,XR elbow AP dan lateral kiri,Radiologi,Permintaan & Hasil,bag2/XR
24695-9,XR Facial bones Views,XR facial bones,Radiologi,Permintaan & Hasil,bag2/XR
36297-0,XR Facial bones 3 Views,"XR facial bones caldwell, towne dan lateral",Radiologi,Permintaan & Hasil,bag2/XR
37164-1,XR Facial bones Lateral and Caldwell and Waters,"XR facial bones lateral, caldwell, dan waters",Radiologi,Permintaan & Hasil,bag2/XR
36302-8,XR Femur 3 Views,XR femur 3 proyeksi,Radiologi,Permintaan & Hasil,bag2/XR
37692-1,XR Femur - right AP and Lateral,XR femur AP dan lateral kanan,Radiologi,Permintaan & Hasil,bag2/XR
36695-5,XR Femur - left AP and Lateral,XR femur AP dan lateral kiri,Radiologi,Permintaan & Hasil,bag2/XR
103327-3,XR Femur - bilateral GE 2 Views,XR femur bilateral 3 proyeksi,Radiologi,Permintaan & Hasil,bag2/XR
103327-3,XR Femur - bilateral GE 2 Views,XR femur bilateral 4 proyeksi,Radiologi,Permintaan & Hasil,bag2/XR
36652-6,XR Femur 2 Views,XR femur dua proyeksi,Radiologi,Permintaan & Hasil,bag2/XR
36653-4,XR Femur - bilateral 2 Views,XR femur dua proyeksi bilateral,Radiologi,Permintaan & Hasil,bag2/XR
37690-5,XR Femur - right 2 Views,XR femur dua proyeksi kanan,Radiologi,Permintaan & Hasil,bag2/XR
36654-2,XR Femur - left 2 Views,XR femur dua proyeksi kiri,Radiologi,Permintaan & Hasil,bag2/XR
26122-2,XR Femur - right Views,XR femur kanan,Radiologi,Permintaan & Hasil,bag2/XR
37691-3,XR Femur - right 4 Views,XR femur kanan 4 proyeksi,Radiologi,Permintaan & Hasil,bag2/XR
26120-6,XR Femur - left Views,XR femur kiri,Radiologi,Permintaan & Hasil,bag2/XR
36324-2,XR Femur - left 4 Views,XR femur kiri 4 proyeksi,Radiologi,Permintaan & Hasil,bag2/XR
37609-5,XR Optic foramen 4 Views,XR foramen opticum (proyeksi rheese) 4 proyeksi,Radiologi,Permintaan & Hasil,bag2/XR
26142-0,XR Optic foramen - bilateral Views,XR foramen opticum (proyeksi rheese) bilateral,Radiologi,Permintaan & Hasil,bag2/XR
24846-8,XR Optic foramen Views,XR foramen optik,Radiologi,Permintaan & Hasil,bag2/XR
26144-6,XR Optic foramen - right Views,XR foramen optik kanan (Rheese),Radiologi,Permintaan & Hasil,bag2/XR
26143-8,XR Optic foramen - left Views,XR foramen optik kiri (Rheese),Radiologi,Permintaan & Hasil,bag2/XR
37626-9,XR Pelvis Lateral frog,XR frog position,Radiologi,Permintaan & Hasil,bag2/XR
24686-8,XR Lower extremity Views,XR full ekstremitas inferior,Radiologi,Permintaan & Hasil,bag2/XR
36709-4,XR Knee AP and Lateral,XR genu AP dan lateral,Radiologi,Permintaan & Hasil,bag2/XR
26366-5,XR Knee - right AP and Lateral W standing,XR genu AP dan lateral berdiri kanan,Radiologi,Permintaan & Hasil,bag2/XR
26365-7,XR Knee - left AP and Lateral W standing,XR genu AP dan lateral berdiri kiri,Radiologi,Permintaan & Hasil,bag2/XR
36590-8,XR Knee - bilateral AP and Lateral,XR genu AP dan lateral bilateral,Radiologi,Permintaan & Hasil,bag2/XR
37745-7,XR Knee - right AP and Lateral,XR genu AP dan lateral kanan,Radiologi,Permintaan & Hasil,bag2/XR
36710-2,XR Knee - left AP and Lateral,XR genu AP dan lateral kiri,Radiologi,Permintaan & Hasil,bag2/XR
37111-2,XR Knee AP and Lateral and Sunrise and tunnel,"XR genu AP, lateral, skyline dan proyeksi tunnel",Radiologi,Permintaan & Hasil,bag2/XR
37116-1,XR Knee - bilateral AP and Lateral and Sunrise and tunnel,"XR genu AP, lateral, skyline dan proyeksi tunnel bilateral",Radiologi,Permintaan & Hasil,bag2/XR
36325-9,XR Knee - bilateral 4 Views,XR genu bilateral 4 proyeksi,Radiologi,Permintaan & Hasil,bag2/XR
103431-3,XR Knee - bilateral 5 Views,XR genu bilateral 5 proyeksi,Radiologi,Permintaan & Hasil,bag2/XR
36678-1,XR Knee - bilateral 6 Views,XR genu bilateral 6 proyeksi,Radiologi,Permintaan & Hasil,bag2/XR
26358-2,XR Knee - bilateral AP W standing,"XR genu bilateral, AP, dan erect",Radiologi,Permintaan & Hasil,bag2/XR
24806-2,XR Knee 2 Views,XR genu dua proyeksi,Radiologi,Permintaan & Hasil,bag2/XR
26394-7,XR Knee - bilateral 2 Views,XR genu dua proyeksi bilateral,Radiologi,Permintaan & Hasil,bag2/XR
26396-2,XR Knee - right 2 Views,XR genu dua proyeksi kanan,Radiologi,Permintaan & Hasil,bag2/XR
26395-4,XR Knee - left 2 Views,XR genu dua proyeksi kiri,Radiologi,Permintaan & Hasil,bag2/XR
79364-6,XR Knee GE 4 Views,XR genu empat proyeksi atau lebih,Radiologi,Permintaan & Hasil,bag2/XR
43498-5,XR Knee - left GE 3 Views,XR genu minimum tiga proyeksi kiri,Radiologi,Permintaan & Hasil,bag2/XR
36636-9,XR Knee - left Views,XR genu proyeksi kiri,Radiologi,Permintaan & Hasil,bag2/XR
37752-3,XR Knee - right Rosenberg W standing,XR genu rosenberg kanan,Radiologi,Permintaan & Hasil,bag2/XR
37019-7,XR Knee - left Rosenberg W standing,XR genu rosenberg kiri,Radiologi,Permintaan & Hasil,bag2/XR
44198-0,XR Knee 1 or 2 Views,XR genu satu atau dua proyeksi,Radiologi,Permintaan & Hasil,bag2/XR
30788-4,XR Knee 3 Views,XR genu tiga proyeksi,Radiologi,Permintaan & Hasil,bag2/XR
36310-1,XR Knee - bilateral 3 Views,XR genu tiga proyeksi bilateral,Radiologi,Permintaan & Hasil,bag2/XR
37742-4,XR Knee - right 3 Views,XR genu tiga proyeksi kanan,Radiologi,Permintaan & Hasil,bag2/XR
36311-9,XR Knee - left 3 Views,XR genu tiga proyeksi kiri,Radiologi,Permintaan & Hasil,bag2/XR
98316-3,XR Knee - bilateral Single view W valgus stress,XR genu valgus stres bilateral,Radiologi,Permintaan & Hasil,bag2/XR
98302-3,XR Knee - right AP W valgus stress,XR genu valgus stres kanan,Radiologi,Permintaan & Hasil,bag2/XR
98309-8,XR Knee - left AP W valgus stress,XR genu valgus stres kiri,Radiologi,Permintaan & Hasil,bag2/XR
98317-1,XR Knee - bilateral AP W varus stress,XR genu varus stres bilateral,Radiologi,Permintaan & Hasil,bag2/XR
98301-5,XR Knee - right AP W varus stress,XR genu varus stres kanan,Radiologi,Permintaan & Hasil,bag2/XR
98310-6,XR Knee - left AP W varus stress,XR genu varus stres kiri,Radiologi,Permintaan & Hasil,bag2/XR
95610-2,XR Teeth Complete Views,XR gigi lengkap seluruh mulut,Radiologi,Permintaan & Hasil,bag2/XR
62444-5,Views Teeth.partial Document XR,XR gigi pemeriksaan sebagian,Radiologi,Permintaan & Hasil,bag2/XR
62443-7,Single view Teeth Document XR,XR gigi satu proyeksi,Radiologi,Permintaan & Hasil,bag2/XR
37725-9,XR Hip - right AP and Lateral,XR hip joint AP dan lateral kanan,Radiologi,Permintaan & Hasil,bag2/XR
36704-5,XR Hip - left AP and Lateral,XR hip joint AP dan lateral kiri,Radiologi,Permintaan & Hasil,bag2/XR
37721-8,XR Hip - right 2 Views,XR hip joint AP dan oblique kanan,Radiologi,Permintaan & Hasil,bag2/XR
36664-1,XR Hip - left 2 Views,XR hip joint AP dan oblique kiri,Radiologi,Permintaan & Hasil,bag2/XR
79362-0,XR Humerus GE 2 Views,XR humerus 3 proyeksi,Radiologi,Permintaan & Hasil,bag2/XR
79362-0,XR Humerus GE 2 Views,XR humerus 4 proyeksi,Radiologi,Permintaan & Hasil,bag2/XR
26391-3,XR Humerus - bilateral 2 Views,XR humerus bilateral 2 proyeksi,Radiologi,Permintaan & Hasil,bag2/XR
103336-4,XR Humerus - bilateral GE 2 Views,XR humerus bilateral 3 proyeksi,Radiologi,Permintaan & Hasil,bag2/XR
103336-4,XR Humerus - bilateral GE 2 Views,XR humerus bilateral 4 proyeksi,Radiologi,Permintaan & Hasil,bag2/XR
37062-7,XR Humerus - bilateral Views,XR humerus dua proyeksi kanan atau kiri,Radiologi,Permintaan & Hasil,bag2/XR
39099-7,XR Ribs - bilateral 4 Views and Chest PA,XR iga bilateral minimal empat proyeksi termasuk thorax PA,Radiologi,Permintaan & Hasil,bag2/XR
36313-5,XR Ribs - bilateral 3 Views,XR iga bilateral tiga proyeksi,Radiologi,Permintaan & Hasil,bag2/XR
83040-6,XR Ribs - unilateral 2 Views,XR iga unilateral dua proyeksi,Radiologi,Permintaan & Hasil,bag2/XR
94685-5,XR Ribs - unilateral GE 3 Views and Chest PA,XR iga unilateral minimal tiga proyeksi termasuk thorax PA,Radiologi,Permintaan & Hasil,bag2/XR
36981-9,XR Hip Judet,XR iliac judet,Radiologi,Permintaan & Hasil,bag2/XR
79373-7,XR Toe GE 2 Views,XR jari kaki dua proyeksi,Radiologi,Permintaan & Hasil,bag2/XR
79354-7,XR Finger GE 2 Views,XR jari tangan minimal dua proyeksi,Radiologi,Permintaan & Hasil,bag2/XR
37639-2,XR Neck Views,XR jaringan lunak leher,Radiologi,Permintaan & Hasil,bag2/XR
43470-4,XR Skull LE 3 Views,XR kalvaria kurang dari empat proyeksi,Radiologi,Permintaan & Hasil,bag2/XR
48487-3,XR Skull GE 4 Views,XR kalvaria minimal empat proyeksi,Radiologi,Permintaan & Hasil,bag2/XR
39058-3,XR Salivary gland Views,XR kelenjar liur untuk batu,Radiologi,Permintaan & Hasil,bag2/XR
28564-3,XR Skull Views,XR kepala,Radiologi,Permintaan & Hasil,bag2/XR
37867-9,XR Skull 2 Views,XR kepala dua proyeksi,Radiologi,Permintaan & Hasil,bag2/XR
36984-3,XR Abdomen Lateral crosstable,XR knee chest wangensteen,Radiologi,Permintaan & Hasil,bag2/XR
24712-2,XR Gallbladder Views W contrast PO,XR kolesistografi dengan kontras PO,Radiologi,Permintaan & Hasil,bag2/XR
36651-8,XR Lower extremity 2 Views,XR long leg stitch view,Radiologi,Permintaan & Hasil,bag2/XR
24829-4,XR Mandible Views,XR mandibula,Radiologi,Permintaan & Hasil,bag2/XR
43521-4,XR Mandible 1 or 2 Views,XR mandibula AP,Radiologi,Permintaan & Hasil,bag2/XR
36711-0,XR Mandible AP and Lateral,XR mandibula AP dan lateral,Radiologi,Permintaan & Hasil,bag2/XR
36711-0,XR Mandible AP and Lateral,XR mandibula AP dan lateral,Radiologi,Permintaan & Hasil,bag2/XR
24829-4,XR Mandible Views,XR mandibula bilateral,Radiologi,Permintaan & Hasil,bag2/XR
36747-4,XR Mandible Oblique Views,XR mandibula eisler,Radiologi,Permintaan & Hasil,bag2/XR
47380-1,XR Mandible LE 3 Views,XR mandibula kurang dari empat proyeksi,Radiologi,Permintaan & Hasil,bag2/XR
43521-4,XR Mandible 1 or 2 Views,XR mandibula lateral,Radiologi,Permintaan & Hasil,bag2/XR
47379-3,XR Mandible GE 4 Views,XR mandibula minimal empat proyeksi,Radiologi,Permintaan & Hasil,bag2/XR
36754-0,XR Mandible PA and Lateral,XR mandibula PA dan lateral,Radiologi,Permintaan & Hasil,bag2/XR
37710-1,XR Hand - right AP and Lateral,XR manus AP dan lateral kanan,Radiologi,Permintaan & Hasil,bag2/XR
38847-0,XR Hand - left AP and Lateral,XR manus AP dan lateral kiri,Radiologi,Permintaan & Hasil,bag2/XR
26379-8,XR Hand - bilateral 3 Views,XR manus bilateral 3 proyeksi,Radiologi,Permintaan & Hasil,bag2/XR
26352-5,XR Wrist - bilateral and Hand - bilateral Bone age Views,XR manus bone age AP dan bilateral,Radiologi,Permintaan & Hasil,bag2/XR
26388-9,XR Hand - bilateral 2 Views,XR manus dua proyeksi bilateral,Radiologi,Permintaan & Hasil,bag2/XR
39079-9,XR Hand PA and Oblique,XR manus PA dan oblique,Radiologi,Permintaan & Hasil,bag2/XR
47983-2,XR Mastoid - bilateral 1 or 2 Views,XR mastoid kurang dari tiga proyeksi,Radiologi,Permintaan & Hasil,bag2/XR
47381-9,XR Mastoid GE 3 Views,XR mastoid minimal tiga proyeksi,Radiologi,Permintaan & Hasil,bag2/XR
26139-6,XR Mastoid - bilateral Views,XR mastoid schuller bilateral,Radiologi,Permintaan & Hasil,bag2/XR
26141-2,XR Mastoid - right Views,XR mastoid schuller kanan,Radiologi,Permintaan & Hasil,bag2/XR
26140-4,XR Mastoid - left Views,XR mastoid schuller kiri,Radiologi,Permintaan & Hasil,bag2/XR
30720-7,XR Orbit - bilateral Views for foreign body,XR mata untuk deteksi benda asing,Radiologi,Permintaan & Hasil,bag2/XR
36628-6,XR Internal auditory canal Views,XR meatus auditorius internus,Radiologi,Permintaan & Hasil,bag2/XR
24834-4,XR Nasal bones Views,XR nasal tangensial,Radiologi,Permintaan & Hasil,bag2/XR
95611-0,XR Teeth Occlusal Views,XR occlusal rahang atas,Radiologi,Permintaan & Hasil,bag2/XR
95611-0,XR Teeth Occlusal Views,XR occlusal rahang bawah,Radiologi,Permintaan & Hasil,bag2/XR
95610-2,XR Teeth Complete Views,XR OPG (Orthopantomagram),Radiologi,Permintaan & Hasil,bag2/XR
24854-2,XR Orbit - bilateral Views,XR orbita bilateral,Radiologi,Permintaan & Hasil,bag2/XR
48747-0,XR Orbit - bilateral GE 4 Views,XR orbita minimal empat proyeksi,Radiologi,Permintaan & Hasil,bag2/XR
24834-4,XR Nasal bones Views,XR os nasal,Radiologi,Permintaan & Hasil,bag2/XR
24579-5,XR Long bones Survey Views,"XR panjang tulang (orthoroentgenogram, scanogram)",Radiologi,Permintaan & Hasil,bag2/XR
24700-7,XR Femur and Tibia Views for leg length,XR panjang tulang femur dan tibia,Radiologi,Permintaan & Hasil,bag2/XR
24828-6,XR tomography Mandible Panoramic,XR panoramic gigi,Radiologi,Permintaan & Hasil,bag2/XR
38786-0,XR Patella - right AP and Lateral and Sunrise,"XR patella AP, lateral dan skyline kanan",Radiologi,Permintaan & Hasil,bag2/XR
37110-4,XR Patella - left AP and Lateral and Sunrise,"XR patella AP, lateral dan skyline kiri",Radiologi,Permintaan & Hasil,bag2/XR
37701-0,XR Foot - right AP and Lateral,XR pedis AP dan lateral kanan,Radiologi,Permintaan & Hasil,bag2/XR
36697-1,XR Foot - left AP and Lateral,XR pedis AP dan lateral kiri,Radiologi,Permintaan & Hasil,bag2/XR
39076-5,XR Foot AP and Oblique,XR pedis AP dan oblique kanan,Radiologi,Permintaan & Hasil,bag2/XR
39076-5,XR Foot AP and Oblique,XR pedis AP dan oblique kiri,Radiologi,Permintaan & Hasil,bag2/XR
36306-9,XR Foot - bilateral 3 Views,XR pedis bilateral 3 proyeksi,Radiologi,Permintaan & Hasil,bag2/XR
30784-3,XR Foot 2 Views,XR pedis dua proyeksi,Radiologi,Permintaan & Hasil,bag2/XR
36657-5,XR Foot - bilateral 2 Views,XR pedis dua proyeksi bilateral,Radiologi,Permintaan & Hasil,bag2/XR
44188-1,XR Foot GE 3 Views,XR pedis minimal tiga proyeksi,Radiologi,Permintaan & Hasil,bag2/XR
24871-6,XR Pelvis Pelvimetry,XR pelvimetri,Radiologi,Permintaan & Hasil,bag2/XR
24871-6,XR Pelvis Pelvimetry,XR pelvimetri dengan sonde,Radiologi,Permintaan & Hasil,bag2/XR
37616-0,XR Pelvis Single view,XR pelvis 1 proyeksi,Radiologi,Permintaan & Hasil,bag2/XR
37622-8,XR Pelvis AP,XR pelvis AP,Radiologi,Permintaan & Hasil,bag2/XR
37623-6,XR Pelvis AP and Inlet and Outlet,"XR pelvis AP, inlet dan outlet",Radiologi,Permintaan & Hasil,bag2/XR
83034-9,XR Pelvis and Hip - bilateral GE 2 views for pediatrics,XR pelvis dan coxae anak minimal dua proyeksi,Radiologi,Permintaan & Hasil,bag2/XR
37617-8,XR Pelvis 2 Views,XR pelvis dua proyeksi,Radiologi,Permintaan & Hasil,bag2/XR
37628-5,XR Pelvis Inlet,XR pelvis inlet,Radiologi,Permintaan & Hasil,bag2/XR
37629-3,XR Pelvis Lateral,XR pelvis lateral,Radiologi,Permintaan & Hasil,bag2/XR
43543-8,XR Pelvis GE 3 Views,XR pelvis minimal tiga proyeksi,Radiologi,Permintaan & Hasil,bag2/XR
37630-1,XR Pelvis Oblique Views,XR pelvis oblique,Radiologi,Permintaan & Hasil,bag2/XR
37631-9,XR Pelvis Outlet,XR pelvis outlet,Radiologi,Permintaan & Hasil,bag2/XR
43522-2,XR Pelvis 1 or 2 Views,XR pelvis satu atau dua proyeksi,Radiologi,Permintaan & Hasil,bag2/XR
30766-0,XR Pelvis 3 Views,XR pelvis tiga proyeksi,Radiologi,Permintaan & Hasil,bag2/XR
36551-0,XR Ankle Single view,XR pergelangan kaki 1 proyeksi,Radiologi,Permintaan & Hasil,bag2/XR
103424-8,XR Ankle - bilateral Single view,XR pergelangan kaki bilateral 1 proyeksi,Radiologi,Permintaan & Hasil,bag2/XR
37482-7,XR Wrist - bilateral 2 Views,XR pergelangan tangan (wrist joint) dua proyeksi bilateral,Radiologi,Permintaan & Hasil,bag2/XR
37454-6,XR Wrist - bilateral 3 Views,XR pergelangan tangan bilateral 3 proyeksi,Radiologi,Permintaan & Hasil,bag2/XR
37070-0,XR Wrist - bilateral 4 Views,XR pergelangan tangan bilateral 4 proyeksi,Radiologi,Permintaan & Hasil,bag2/XR
37925-5,XR Wrist 2 Views,XR pergelangan tangan dua proyeksi,Radiologi,Permintaan & Hasil,bag2/XR
44190-7,XR Wrist GE 3 Views,XR pergelangan tangan lengkap minimal tiga proyeksi,Radiologi,Permintaan & Hasil,bag2/XR
37651-7,XR Sacrum 2 Views,XR sacrum dua proyeksi,Radiologi,Permintaan & Hasil,bag2/XR
37652-5,XR Sacrum AP and Lateral,XR sacrum lateral,Radiologi,Permintaan & Hasil,bag2/XR
79367-9,XR Sacrum and Coccyx GE 2 Views,XR sakrum dan koksigea minimal dua proyeksi,Radiologi,Permintaan & Hasil,bag2/XR
24903-7,XR Scapula Views,XR scapula,Radiologi,Permintaan & Hasil,bag2/XR
37788-7,XR Scapula - right AP and Lateral,XR scapula AP dan lateral kanan,Radiologi,Permintaan & Hasil,bag2/XR
36715-1,XR Scapula - left AP and Lateral,XR scapula AP dan lateral kiri,Radiologi,Permintaan & Hasil,bag2/XR
39048-4,XR Scapula AP,XR scapula AP kanan,Radiologi,Permintaan & Hasil,bag2/XR
39048-4,XR Scapula AP,XR scapula AP kiri,Radiologi,Permintaan & Hasil,bag2/XR
26156-0,XR Scapula - right Views,XR scapula kanan,Radiologi,Permintaan & Hasil,bag2/XR
26155-2,XR Scapula - left Views,XR scapula kiri,Radiologi,Permintaan & Hasil,bag2/XR
24745-2,XR Petrous part of temporal bone Views,XR schuler view,Radiologi,Permintaan & Hasil,bag2/XR
43787-1,XR Skull and Facial bones and Mandible Views for dental measurement,XR sefalogram ortodonti,Radiologi,Permintaan & Hasil,bag2/XR
42159-4,XR Sella turcica Views,XR sella tursika,Radiologi,Permintaan & Hasil,bag2/XR
48467-5,XR Sacroiliac Joint 1 or 2 Views,XR sendi sakroiliaka kurang dari tiga proyeksi,Radiologi,Permintaan & Hasil,bag2/XR
44189-9,XR Sacroiliac Joint GE 3 Views,XR sendi sakroiliaka tiga proyeksi atau lebih,Radiologi,Permintaan & Hasil,bag2/XR
37882-8,XR Sternoclavicular Joint 4 Views,XR sendi sternoklavikula empat proyeksi,Radiologi,Permintaan & Hasil,bag2/XR
37881-0,XR Sternoclavicular Joint 3 Views,XR sendi sternoklavikula tiga proyeksi,Radiologi,Permintaan & Hasil,bag2/XR
37546-9,XR Temporomandibular joint - bilateral Open and Closed mouth,XR sendi temporomandibula buka dan tutup mulut bilateral,Radiologi,Permintaan & Hasil,bag2/XR
48699-3,XR Temporomandibular joint - unilateral Open and Closed mouth,XR sendi temporomandibula buka dan tutup mulut unilateral,Radiologi,Permintaan & Hasil,bag2/XR
95611-0,XR Teeth Occlusal Views,XR shift scath,Radiologi,Permintaan & Hasil,bag2/XR
39395-9,XR Shoulder - right AP internal rotation and AP external rotation,XR shoulder exo dan endo kanan,Radiologi,Permintaan & Hasil,bag2/XR
39328-0,XR Shoulder - left AP internal rotation and AP external rotation,XR shoulder exo dan endo kiri,Radiologi,Permintaan & Hasil,bag2/XR
38783-7,XR Shoulder - right AP and Axillary and Y,"XR shoulder joint axillary, AP dan Y-view kanan",Radiologi,Permintaan & Hasil,bag2/XR
37084-1,XR Shoulder - left AP and Axillary and Y,"XR shoulder joint axillary, AP dan Y-view kiri",Radiologi,Permintaan & Hasil,bag2/XR
39395-9,XR Shoulder - right AP internal rotation and AP external rotation,XR shoulder joint endo dan ekso kanan,Radiologi,Permintaan & Hasil,bag2/XR
39328-0,XR Shoulder - left AP internal rotation and AP external rotation,XR shoulder joint endo dan ekso kiri,Radiologi,Permintaan & Hasil,bag2/XR
26382-2,XR Shoulder - bilateral 3 Views,XR shoulder tiga proyeksi bilateral,Radiologi,Permintaan & Hasil,bag2/XR
37858-8,XR Sinuses Lateral,XR sinus adenoid,Radiologi,Permintaan & Hasil,bag2/XR
37857-0,XR Sinuses Caldwell,XR sinus caldwell,Radiologi,Permintaan & Hasil,bag2/XR
24916-9,XR Sinuses Views,XR sinus paranasal,Radiologi,Permintaan & Hasil,bag2/XR
43523-0,XR Sinuses 1 or 2 Views,XR sinus paranasal kurang dari tiga proyeksi,Radiologi,Permintaan & Hasil,bag2/XR
43486-0,XR Sinuses GE 3 Views,XR sinus paranasal minimal tiga proyeksi,Radiologi,Permintaan & Hasil,bag2/XR
37862-0,XR Sinuses Lateral and Waters,XR sinus paranasal waters dan lateral,Radiologi,Permintaan & Hasil,bag2/XR
26154-5,XR Scapula - bilateral Views,XR skapula bilateral,Radiologi,Permintaan & Hasil,bag2/XR
37655-8,XR Scapula 2 Views,XR skapula dua proyeksi,Radiologi,Permintaan & Hasil,bag2/XR
37787-9,XR Scapula - right 2 Views,XR skapula dua proyeksi kanan,Radiologi,Permintaan & Hasil,bag2/XR
36666-6,XR Scapula - left 2 Views,XR skapula dua proyeksi kiri,Radiologi,Permintaan & Hasil,bag2/XR
69269-9,XR Skull AP,XR skull AP,Radiologi,Permintaan & Hasil,bag2/XR
24919-3,XR Skull AP and Lateral,XR skull AP dan lateral,Radiologi,Permintaan & Hasil,bag2/XR
24920-1,XR Skull Lateral,XR skull lateral,Radiologi,Permintaan & Hasil,bag2/XR
69270-7,XR Skull PA,XR skull PA,Radiologi,Permintaan & Hasil,bag2/XR
69256-6,XR Knee - right Sunrise,XR sky line kanan,Radiologi,Permintaan & Hasil,bag2/XR
43779-8,XR Knee - left Sunrise,XR sky line kiri,Radiologi,Permintaan & Hasil,bag2/XR
42439-0,XR Neck AP,XR soft tissue leher AP,Radiologi,Permintaan & Hasil,bag2/XR
24843-5,XR Neck Lateral,XR soft tissue leher lateral,Radiologi,Permintaan & Hasil,bag2/XR
72876-6,XR Surgical specimen Views,XR spesimen bedah,Radiologi,Permintaan & Hasil,bag2/XR
24834-4,XR Nasal bones Views,XR spot nasal lateral,Radiologi,Permintaan & Hasil,bag2/XR
37153-4,XR Mastoid Stenver and Arcelin,XR stenvers kanan,Radiologi,Permintaan & Hasil,bag2/XR
37153-4,XR Mastoid Stenver and Arcelin,XR stenvers kiri,Radiologi,Permintaan & Hasil,bag2/XR
37883-6,XR Sternum 2 Views,XR sternum minimal dua proyeksi,Radiologi,Permintaan & Hasil,bag2/XR
98330-4,XR Sternum PA Views,XR sternum PA,Radiologi,Permintaan & Hasil,bag2/XR
43518-0,XR Bones Survey Views,XR survey tulang (Bone Survey),Radiologi,Permintaan & Hasil,bag2/XR
83020-8,XR Bones Complete Survey Views,XR survey tulang lengkap,Radiologi,Permintaan & Hasil,bag2/XR
43519-8,XR Bones Limited Survey Views,XR survey tulang terbatas,Radiologi,Permintaan & Hasil,bag2/XR
38089-9,XR Bones Limited Survey Views for metastasis,XR survey tulang terbatas untuk metastasis,Radiologi,Permintaan & Hasil,bag2/XR
24721-3,XR Hand 2 Views,XR tangan dua proyeksi,Radiologi,Permintaan & Hasil,bag2/XR
79357-0,XR Hand GE 3 Views,XR tangan minimal tiga proyeksi,Radiologi,Permintaan & Hasil,bag2/XR
44206-1,XR Thoracic and lumbar spine for scoliosis single view,XR thoracolumbal bending kiri,Radiologi,Permintaan & Hasil,bag2/XR
36572-6,XR Chest AP,XR thorax AP,Radiologi,Permintaan & Hasil,bag2/XR
36643-5,XR Chest 2 Views,XR thorax dua proyeksi,Radiologi,Permintaan & Hasil,bag2/XR
36687-2,XR Chest AP and Lateral,XR thorax dua proyeksi AP dan lateral,Radiologi,Permintaan & Hasil,bag2/XR
36759-9,XR Chest PA and Apical lordotic,XR thorax dua proyeksi PA dan lateral dengan prosedur top lordotik,Radiologi,Permintaan & Hasil,bag2/XR
39051-8,XR Chest Lateral,XR thorax lateral,Radiologi,Permintaan & Hasil,bag2/XR
39051-8,XR Chest Lateral,XR thorax lateral kanan,Radiologi,Permintaan & Hasil,bag2/XR
30737-1,XR Chest Left lateral,XR thorax lateral kiri,Radiologi,Permintaan & Hasil,bag2/XR
24637-1,XR Chest AP left lateral-decubitus,XR thorax LLD,Radiologi,Permintaan & Hasil,bag2/XR
37010-6,XR Chest Right oblique,XR thorax oblique kanan,Radiologi,Permintaan & Hasil,bag2/XR
37008-0,XR Chest Left oblique,XR thorax oblique kiri,Radiologi,Permintaan & Hasil,bag2/XR
24648-8,XR Chest PA upright,XR thorax PA,Radiologi,Permintaan & Hasil,bag2/XR
42272-5,XR Chest PA and Lateral,XR thorax PA dan lateral,Radiologi,Permintaan & Hasil,bag2/XR
30744-7,XR Chest PA and Lateral and Oblique,"XR thorax PA, lateral dan oblique",Radiologi,Permintaan & Hasil,bag2/XR
39074-0,XR Chest AP and Lateral and Right oblique and Left oblique,"XR thorax PA, lateral dengan proyeksi oblique kanan dan kiri",Radiologi,Permintaan & Hasil,bag2/XR
43466-2,XR Chest AP right lateral-decubitus,XR thorax RLD,Radiologi,Permintaan & Hasil,bag2/XR
36554-4,XR Chest Single view,XR thorax satu proyeksi,Radiologi,Permintaan & Hasil,bag2/XR
37895-0,XR Tibia and Fibula 2 Views,XR tibia dan fibula dua proyeksi,Radiologi,Permintaan & Hasil,bag2/XR
37325-8,XR Temporomandibular joint - bilateral Views,XR TMJ bilateral,Radiologi,Permintaan & Hasil,bag2/XR
48490-7,XR Temporomandibular joint - right Open and Closed mouth,XR TMJ buka mulut kanan,Radiologi,Permintaan & Hasil,bag2/XR
48491-5,XR Temporomandibular joint - left Open and Closed mouth,XR TMJ buka mulut kiri,Radiologi,Permintaan & Hasil,bag2/XR
48490-7,XR Temporomandibular joint - right Open and Closed mouth,XR TMJ tutup mulut kanan,Radiologi,Permintaan & Hasil,bag2/XR
48491-5,XR Temporomandibular joint - left Open and Closed mouth,XR TMJ tutup mulut kiri,Radiologi,Permintaan & Hasil,bag2/XR
24640-5,XR Chest Apical lordotic,XR top lordotik,Radiologi,Permintaan & Hasil,bag2/XR
37870-3,XR Skull Towne,XR towne,Radiologi,Permintaan & Hasil,bag2/XR
98283-5,XR Gastrointestinal tract upper Views,XR traktus gastrointestinal atas,Radiologi,Permintaan & Hasil,bag2/XR
39149-0,XR Gastrointestinal tract and Pulmonary system Single view for foreign body,"XR traktus gastrointestinal dan sistem pulmoner untuk mencari benda asing, satu proyeksi",Radiologi,Permintaan & Hasil,bag2/XR
44199-8,XR Facial bones 1 or 2 Views,XR tulang wajah kurang dari tiga proyeksi,Radiologi,Permintaan & Hasil,bag2/XR
48479-0,XR Facial bones GE 3 Views,XR tulang wajah minimal tiga proyeksi,Radiologi,Permintaan & Hasil,bag2/XR
38101-2,XR Kidney Views W contrast antegrade,XR urografi (pielografi) dengan kontras antegrade,Radiologi,Permintaan & Hasil,bag2/XR
37607-9,XR Kidney Views W contrast IV,XR urografi (pielografi) dengan kontras IV,Radiologi,Permintaan & Hasil,bag2/XR
38105-3,XR Kidney Views W contrast retrograde,XR urografi (pielografi) dengan kontras retrograde,Radiologi,Permintaan & Hasil,bag2/XR
85151-9,XR Bone age,XR usia tulang (bone age),Radiologi,Permintaan & Hasil,bag2/XR
36669-0,XR Cervical spine 2 Views,XR vertebra C1-C2,Radiologi,Permintaan & Hasil,bag2/XR
43539-6,XR Cervical spine 2 or 3 Views,XR vertebra cervical dua atau tiga proyeksi,Radiologi,Permintaan & Hasil,bag2/XR
44212-9,XR Cervical spine GE 4 Views,XR vertebra cervical minimal empat proyeksi,Radiologi,Permintaan & Hasil,bag2/XR
83022-4,XR Cervical spine 2 or 3 views and (Views W flexion and W extension) and Views oblique,"XR vertebra cervical oblique, fleksi dan ekstensi",Radiologi,Permintaan & Hasil,bag2/XR
24940-9,XR Cervical spine Single view,XR vertebra cervical satu proyeksi,Radiologi,Permintaan & Hasil,bag2/XR
37481-9,XR Cervical and thoracic spine Views,XR vertebra cervicothoracal,Radiologi,Permintaan & Hasil,bag2/XR
93605-4,XR Skull to Coccyx 2 or 3 Views,XR vertebra lengkap AP dan lateral (whole spine),Radiologi,Permintaan & Hasil,bag2/XR
93606-2,XR Skull to Coccyx 4 or 5 Views,XR vertebra lengkap empat atau lima proyeksi (whole spine),Radiologi,Permintaan & Hasil,bag2/XR
93607-0,XR Skull to Coccyx GE 6 Views,XR vertebra lengkap minimal enam proyeksi (whole spine),Radiologi,Permintaan & Hasil,bag2/XR
93606-2,XR Skull to Coccyx 4 or 5 Views,XR vertebra lengkap stitch view (scoliosis series),Radiologi,Permintaan & Hasil,bag2/XR
24970-6,XR Lumbar spine AP and Lateral,XR vertebra lumbal AP dan lateral,Radiologi,Permintaan & Hasil,bag2/XR
36735-9,XR Lumbar spine AP and Lateral and oblique,"XR vertebra lumbal AP, lateral dan oblique",Radiologi,Permintaan & Hasil,bag2/XR
24971-4,XR Lumbar spine Views W flexion and W extension,XR vertebra lumbal dinamik fleksi dan ekstensi,Radiologi,Permintaan & Hasil,bag2/XR
48469-1,XR Lumbar spine 2 or 3 Views,XR vertebra lumbal dua atau tiga proyeksi,Radiologi,Permintaan & Hasil,bag2/XR
36670-8,XR Lumbar spine 2 Views,XR vertebra lumbal dua proyeksi,Radiologi,Permintaan & Hasil,bag2/XR
36332-5,XR Lumbar spine 4 Views,XR vertebra lumbal empat proyeksi,Radiologi,Permintaan & Hasil,bag2/XR
30773-6,XR Lumbar spine Single view,XR vertebra lumbal satu proyeksi,Radiologi,Permintaan & Hasil,bag2/XR
37340-7,XR Spine Lumbar and Sacrum Views,XR vertebra lumbosakral,Radiologi,Permintaan & Hasil,bag2/XR
37340-7,XR Spine Lumbar and Sacrum Views,XR vertebra lumbosakral AP,Radiologi,Permintaan & Hasil,bag2/XR
79371-1,XR Spine Lumbar and Sacrum GE 2 Views,XR vertebra lumbosakral AP dan lateral,Radiologi,Permintaan & Hasil,bag2/XR
48473-3,XR Spine Lumbar and Sacrum 4 Views,"XR vertebra lumbosakral AP, lateral dan oblique bilateral",Radiologi,Permintaan & Hasil,bag2/XR
79371-1,XR Spine Lumbar and Sacrum GE 2 Views,XR vertebra lumbosakral dua atau tiga proyeksi,Radiologi,Permintaan & Hasil,bag2/XR
79371-1,XR Spine Lumbar and Sacrum GE 2 Views,XR vertebra lumbosakral dua proyeksi,Radiologi,Permintaan & Hasil,bag2/XR
24969-8,XR Lumbar spine Lateral,XR vertebra lumbosakral lateral,Radiologi,Permintaan & Hasil,bag2/XR
37132-8,XR Lumbar spine Lateral Views W flexion and W extension,XR vertebra lumbosakral lateral flexi dan extensi,Radiologi,Permintaan & Hasil,bag2/XR
79372-9,XR Spine Lumbar and Sacrum GE 4 Views,XR vertebra lumbosakral minimal empat proyeksi,Radiologi,Permintaan & Hasil,bag2/XR
30778-5,XR Lumbar spine Oblique,XR vertebra lumbosakral oblique,Radiologi,Permintaan & Hasil,bag2/XR
94684-8,XR Spine Lumbar and Sacrum GE 6 Views W right bending and W left bending,XR vertebra lumbosakral proyeksi bending minimal 6 proyeksi,Radiologi,Permintaan & Hasil,bag2/XR
83038-0,XR Lumbar spine Greater than 4 views and (Greater than 1 view W R-bending and W L-bending),XR vertebra lumbosakral proyeksi bending minimal empat proyeksi,Radiologi,Permintaan & Hasil,bag2/XR
44179-0,XR Sacrum and Coccyx 2 Views,XR vertebra sacrococcygeus AP dan lateral,Radiologi,Permintaan & Hasil,bag2/XR
39049-2,XR Thoracic and lumbar spine AP,XR vertebra thoracolumbar AP,Radiologi,Permintaan & Hasil,bag2/XR
38123-6,XR Thoracic and lumbar spine AP and Lateral,XR vertebra thoracolumbar AP lateral,Radiologi,Permintaan & Hasil,bag2/XR
42429-1,XR Thoracic and lumbar spine AP for scoliosis W standing and W right bending,XR vertebra thoracolumbar bending kanan,Radiologi,Permintaan & Hasil,bag2/XR
42425-9,XR Thoracic and lumbar spine AP Views for scoliosis W standing and W right bending and W left bending and WO bending,XR vertebra thoracolumbar bending kanan dan kiri,Radiologi,Permintaan & Hasil,bag2/XR
24984-7,XR Thoracic and lumbar spine 2 Views,XR vertebra thoracolumbar dua proyeksi,Radiologi,Permintaan & Hasil,bag2/XR
30716-5,XR Thoracic and lumbar spine Lateral Views for scoliosis,XR vertebra thoracolumbar lateral,Radiologi,Permintaan & Hasil,bag2/XR
30717-3,XR Thoracic and lumbar spine Views for scoliosis W standing,XR vertebra thoracolumbar tegak (pemeriksaan skoliosis),Radiologi,Permintaan & Hasil,bag2/XR
37907-3,XR Thoracic spine 4 Views,XR vertebra thorakal 4 proyeksi,Radiologi,Permintaan & Hasil,bag2/XR
30752-0,XR Thoracic spine AP,XR vertebra thorakal AP,Radiologi,Permintaan & Hasil,bag2/XR
30753-8,XR Thoracic spine AP and Lateral,XR vertebra thorakal AP dan lateral,Radiologi,Permintaan & Hasil,bag2/XR
37908-1,XR Thoracic spine AP and Lateral and oblique,"XR vertebra thorakal AP, lateral dan oblique",Radiologi,Permintaan & Hasil,bag2/XR
38121-0,XR Thoracic and lumbar spine Single view,XR vertebra thorakal dan lumbar satu proyeksi,Radiologi,Permintaan & Hasil,bag2/XR
37905-7,XR Thoracic spine 2 Views,XR vertebra thorakal dua proyeksi,Radiologi,Permintaan & Hasil,bag2/XR
30756-1,XR Thoracic spine Lateral,XR vertebra thorakal lateral,Radiologi,Permintaan & Hasil,bag2/XR
30758-7,XR Thoracic spine Oblique,XR vertebra thorakal oblique kanan,Radiologi,Permintaan & Hasil,bag2/XR
30758-7,XR Thoracic spine Oblique,XR vertebra thorakal oblique kiri,Radiologi,Permintaan & Hasil,bag2/XR
37904-0,XR Thoracic spine Single view,XR vertebra thorakal satu proyeksi,Radiologi,Permintaan & Hasil,bag2/XR
37906-5,XR Thoracic spine 3 Views,XR vertebra thorakal tiga proyeksi,Radiologi,Permintaan & Hasil,bag2/XR
24921-9,XR Skull Waters,XR waters,Radiologi,Permintaan & Hasil,bag2/XR
37863-8,XR Sinuses Waters,XR waters sinus paranasalis,Radiologi,Permintaan & Hasil,bag2/XR
26169-3,XR Wrist - bilateral Views,XR wrist bilateral,Radiologi,Permintaan & Hasil,bag2/XR
37483-5,XR Wrist - left 2 Views,XR wrist dua proyeksi,Radiologi,Permintaan & Hasil,bag2/XR
37832-3,XR Wrist - right AP and Lateral,XR wrist joint dextra AP dan lateral,Radiologi,Permintaan & Hasil,bag2/XR
38860-3,XR Wrist - left AP and Lateral,XR wrist joint sinistra AP dan lateral,Radiologi,Permintaan & Hasil,bag2/XR
69242-6,RF Guidance for percutaneous drainage of abscess and placement of drainage catheter of Appendix,Appendicography,Radiologi,Permintaan & Hasil,bag2/RF - RFA
25070-4,RF Unspecified body region Views during surgery,C-Arm guided intraoperatif,Radiologi,Permintaan & Hasil,bag2/RF - RFA
86407-4,RF Guidance of Unspecified body region,C-Arm guided non-operatif,Radiologi,Permintaan & Hasil,bag2/RF - RFA
24666-0,RF Colon Views W air and barium contrast PR,Colon in loop releasae intususepsi,Radiologi,Permintaan & Hasil,bag2/RF - RFA
25079-5,RFA Renal arteries Views W contrast IA,DSA arteri renal dengan kontras,Radiologi,Permintaan & Hasil,bag2/RF - RFA
37407-4,RFA Vertebral artery - bilateral Views W contrast IA,DSA arteri vertebralis bilateral dengan kontras IV,Radiologi,Permintaan & Hasil,bag2/RF - RFA
86442-1,RFA Vertebral artery - unilateral Views W contrast IA,DSA arteri vertebralis unilateral dengan kontras IV,Radiologi,Permintaan & Hasil,bag2/RF - RFA
94095-7,RFA Extremity vessels Unilateral Views W contrast IV,DSA diagnostik angiografi perifer (ekstremitas),Radiologi,Permintaan & Hasil,bag2/RF - RFA
37173-2,RFA Cerebral artery Views W contrast IA,DSA diagnostik cerebral,Radiologi,Permintaan & Hasil,bag2/RF - RFA
37195-5,RFA Cerebral vein Views W contrast IV,DSA diagnostik cerebral,Radiologi,Permintaan & Hasil,bag2/RF - RFA
39057-5,RFA Pulmonary arteries Views W contrast IA,DSA pulmonary vein dengan kontras,Radiologi,Permintaan & Hasil,bag2/RF - RFA
86435-5,RFA Jugular vein - bilateral Views W contrast IV,DSA vena jugularis bilateral dengan kontras IV,Radiologi,Permintaan & Hasil,bag2/RF - RFA
86426-4,RFA Jugular vein - unilateral Views W contrast IV,DSA vena jugularis unilateral dengan kontras IV,Radiologi,Permintaan & Hasil,bag2/RF - RFA
37958-6,RFA Orbit veins - right Views W contrast IV,DSA vena orbit kanan dengan kontras IV,Radiologi,Permintaan & Hasil,bag2/RF - RFA
37422-3,RFA Orbit veins - left Views W contrast IV,DSA vena orbit kiri dengan kontras IV,Radiologi,Permintaan & Hasil,bag2/RF - RFA
63520-1,PhenX - body composition by dual-energy x-ray absorptiometry protocol 020301,DXA total body composition,Radiologi,Permintaan & Hasil,bag2/RF - RFA
30815-5,RF Guidance for endoscopy of Biliary ducts and Pancreatic duct-- W contrast retrograde,ERCP + tindakan,Radiologi,Permintaan & Hasil,bag2/RF - RFA
86388-6,RF Kidney and Ureter and Urinary bladder Views W contrast retrograde,RF RPG (retrogard pyelography) kontras,Radiologi,Permintaan & Hasil,bag2/RF - RFA
88833-9,RF Kidney - bilateral and Ureter Views W contrast retrograde intra ureter,RF RPG (retrogard pyelography) kontras,Radiologi,Permintaan & Hasil,bag2/RF - RFA
88832-1,RF Kidney - left and Ureter Views W contrast retrograde intra ureter,RF RPG (retrogard pyelography) kontras,Radiologi,Permintaan & Hasil,bag2/RF - RFA
88831-3,RF Kidney - right and Ureter Views W contrast retrograde intra ureter,RF RPG (retrogard pyelography) kontras,Radiologi,Permintaan & Hasil,bag2/RF - RFA
86393-6,RF Kidney - bilateral and Ureter - bilateral and Urinary bladder Views W contrast retrograde,RF RPG (retrogard pyelography) kontras,Radiologi,Permintaan & Hasil,bag2/RF - RFA
86389-4,RF Kidney and Ureter and Urinary bladder Views during surgery W contrast retrograde,RF RPG (retrogard pyelography) kontras,Radiologi,Permintaan & Hasil,bag2/RF - RFA
86387-8,RF Kidney and Ureter and Urinary bladder Views W contrast antegrade,RF APG (antegrade pyelography) kontras,Radiologi,Permintaan & Hasil,bag2/RF - RFA
37191-4,RF Joint Arthrogram,RF artrografi,Radiologi,Permintaan & Hasil,bag2/RF - RFA
24910-2,RF Shoulder Arthrogram,RF artrografi bahu,Radiologi,Permintaan & Hasil,bag2/RF - RFA
24764-3,RF Hip Arthrogram,RF artrografi coxae,Radiologi,Permintaan & Hasil,bag2/RF - RFA
37186-4,RF Elbow Arthrogram,RF artrografi cubiti,Radiologi,Permintaan & Hasil,bag2/RF - RFA
24800-5,RF Knee Arthrogram,RF artrografi genu,Radiologi,Permintaan & Hasil,bag2/RF - RFA
37183-1,RF Ankle Arthrogram,RF artrografi pergelangan kaki,Radiologi,Permintaan & Hasil,bag2/RF - RFA
25034-0,RF Wrist Arthrogram,RF artrografi pergelangan tangan,Radiologi,Permintaan & Hasil,bag2/RF - RFA
37647-5,RF Sacroiliac Joint Arthrogram,RF artrografi sakroiliaka,Radiologi,Permintaan & Hasil,bag2/RF - RFA
37901-6,RF Temporomandibular joint Arthrogram,RF artrografi sendi temporomandibula,Radiologi,Permintaan & Hasil,bag2/RF - RFA
86372-0,RF Kidney and Ureter and Urinary bladder Views W contrast IV,RF BNO - IVP W kontras,Radiologi,Permintaan & Hasil,bag2/RF - RFA
30647-2,RF Biliary ducts and Gallbladder Views W contrast via T-tube,RF cholangiografi t. tube w kontras,Radiologi,Permintaan & Hasil,bag2/RF - RFA
24666-0,RF Colon Views W air and barium contrast PR,RF colon in loop,Radiologi,Permintaan & Hasil,bag2/RF - RFA
24666-0,RF Colon Views W air and barium contrast PR,RF colon in loop water soluble,Radiologi,Permintaan & Hasil,bag2/RF - RFA
37586-5,RF Penis Views W contrast intra corpus cavernosum,RF corpora cavernosografi,Radiologi,Permintaan & Hasil,bag2/RF - RFA
86401-7,RF Urinary bladder Views W contrast intra bladder,RF cystogram w kontras intrabladder,Radiologi,Permintaan & Hasil,bag2/RF - RFA
25017-5,RF Urinary bladder and Urethra Views W contrast intra bladder,RF cystourethrography,Radiologi,Permintaan & Hasil,bag2/RF - RFA
38098-0,RF Lacrimal duct - bilateral Views W contrast intra lacrimal duct,RF dacryocystography bilateral,Radiologi,Permintaan & Hasil,bag2/RF - RFA
38827-2,RF Lacrimal duct - right Views W contrast intra lacrimal duct,RF dacryocystography kanan,Radiologi,Permintaan & Hasil,bag2/RF - RFA
38099-8,RF Lacrimal duct - left Views W contrast intra lacrimal duct,RF dacryocystography kiri,Radiologi,Permintaan & Hasil,bag2/RF - RFA
30810-6,RF Lacrimal duct Views W contrast intra lacrimal duct,RF dakriosistografi,Radiologi,Permintaan & Hasil,bag2/RF - RFA
37192-2,RF Cervical spine Views W contrast intradisc,RF diskografi cervikal,Radiologi,Permintaan & Hasil,bag2/RF - RFA
37193-0,RF Lumbar spine Views W contrast intradisc,RF diskografi lumbal,Radiologi,Permintaan & Hasil,bag2/RF - RFA
70933-7,RF Thoracic spine Views W contrast intradisc,RF diskografi thorakal,Radiologi,Permintaan & Hasil,bag2/RF - RFA
30636-5,RF Colon Views for reduction W contrast PR,"RF enema terapi, kontras atau udara, untuk reduksi intususepsi atau obstruksi intraluminal lain (seperti, ileus mekonium)",Radiologi,Permintaan & Hasil,bag2/RF - RFA
38104-6,RF Spine epidural space Views W contrast IT,RF epidurografi,Radiologi,Permintaan & Hasil,bag2/RF - RFA
30815-5,RF Guidance for endoscopy of Biliary ducts and Pancreatic duct-- W contrast retrograde,RF ERCP (Endoscopic Retrograde Cholangiopancreatography) diagnostik dengan kontras,Radiologi,Permintaan & Hasil,bag2/RF - RFA
24678-5,RF Esophagus Views W contrast PO,RF esofagografi,Radiologi,Permintaan & Hasil,bag2/RF - RFA
30633-2,RF Esophagus Views W barium contrast PO,RF esofagus (esofagogram),Radiologi,Permintaan & Hasil,bag2/RF - RFA
86395-1,RF videography Hypopharynx and Esophagus Views for swallowing function W speech and W barium contrast PO,RF evaluasi faring dan bicara dinamik kompleks dengan cine atau rekaman video,Radiologi,Permintaan & Hasil,bag2/RF - RFA
86410-8,RF Pharynx and Cervical esophagus Views W barium contrast PO,RF faring dan esofagus servikal,Radiologi,Permintaan & Hasil,bag2/RF - RFA
86437-1,RF Fistula Diagnostic W contrast intra fistula,RF fistulogram,Radiologi,Permintaan & Hasil,bag2/RF - RFA
42702-1,RF Greater than 1 hour,RF fluoroscopy dengan durasi lebih dari 1 jam,Radiologi,Permintaan & Hasil,bag2/RF - RFA
39027-8,RF Guidance for needle localization of Unspecified body region,RF fluoroskopi untuk lokalisasi jarum atau kateter vertebra untuk diagnostik atau terapetik,Radiologi,Permintaan & Hasil,bag2/RF - RFA
35912-5,RF Guidance for placement of catheter in Unspecified body region,"RF fluoroskopi untuk mencari akses dan pemasangan kateter, penggantian kateter, atau pelepasan kateter;",Radiologi,Permintaan & Hasil,bag2/RF - RFA
86400-9,RF Guidance for placement of needle in Unspecified body region,"RF fluoroskopi untuk pemasangan jarum (contoh: biopsi, aspirasi, injeksi)",Radiologi,Permintaan & Hasil,bag2/RF - RFA
43574-3,RF Upper gastrointestinal tract and Small bowel Views W barium contrast PO,RF followtrough,Radiologi,Permintaan & Hasil,bag2/RF - RFA
24681-9,RF videography Hypopharynx and Esophagus Views,"RF fungsi menelan, dengan cineXR/videoXR",Radiologi,Permintaan & Hasil,bag2/RF - RFA
88834-7,"RF Guidance for dilation of nephrostomy tract, ureter, or urethra","RF guidance dilatasi nefrostomi, ureter, atau uretra;",Radiologi,Permintaan & Hasil,bag2/RF - RFA
24680-1,RF Guidance for dilation of Esophagus,RF guidance pelebaran esofagus,Radiologi,Permintaan & Hasil,bag2/RF - RFA
88834-7,"RF Guidance for dilation of nephrostomy tract, ureter, or urethra","RF guidance pelebaran nefrostomi, ureter, atau uretra",Radiologi,Permintaan & Hasil,bag2/RF - RFA
24779-1,RF Guidance for percutaneous placement of nephrostomy tube of Kidney - bilateral-- W contrast via tube,RF guidance pemasangan kateter intra pelvis renalis secara perkutan untuk injeksi atau drainase;,Radiologi,Permintaan & Hasil,bag2/RF - RFA
24570-4,RF Guidance for removal of calculus from Biliary duct common-- W contrast retrograde intra biliary,"RF guidance pengangkatan batu duktus biliaris pasca operasi, perkutaneus melalui saluran T-tube, basket, atau snare (seperti, teknik Burhenne),",Radiologi,Permintaan & Hasil,bag2/RF - RFA
30628-2,RF Guidance for removal of foreign body of Unspecified body region,RF guidance pengangkatan benda asing esofagus,Radiologi,Permintaan & Hasil,bag2/RF - RFA
44225-1,RF Guidance for biopsy of Liver-- W contrast IV,RF guidance untuk biopsi hati dengan kontras IV,Radiologi,Permintaan & Hasil,bag2/RF - RFA
35900-0,RF Guidance for percutaneous biopsy of Liver,RF guidance untuk biopsi perkutan hati,Radiologi,Permintaan & Hasil,bag2/RF - RFA
25022-5,RF Uterus and Fallopian tubes Views W contrast IU,RF histerosalfingografi (HSG),Radiologi,Permintaan & Hasil,bag2/RF - RFA
24574-6,RF Biliary ducts and Gallbladder Views during surgery W contrast biliary duct,RF intra-operatif cholangiografi,Radiologi,Permintaan & Hasil,bag2/RF - RFA
44214-5,RF Guidance for endoscopy of Biliary ducts-- W contrast retrograde,RF kateterisasi endoskopi sistem duktus biliaris,Radiologi,Permintaan & Hasil,bag2/RF - RFA
44213-7,RF Guidance for endoscopy of Pancreatic duct-- W contrast retrograde,RF kateterisasi endoskopi sistem duktus pankreatikus,Radiologi,Permintaan & Hasil,bag2/RF - RFA
86403-3,RF Guidance for placement of catheter in Fallopian tube,RF kateterisasi transcervical tuba fallopii,Radiologi,Permintaan & Hasil,bag2/RF - RFA
24574-6,RF Biliary ducts and Gallbladder Views during surgery W contrast biliary duct,RF kolangiografi dan pankreatografi intraoperatif,Radiologi,Permintaan & Hasil,bag2/RF - RFA
86376-1,RF Biliary ducts Views W contrast via existing catheter,RF kolangiografi dan/atau pankreatografi melalui kateter yang telah ada,Radiologi,Permintaan & Hasil,bag2/RF - RFA
24575-3,RF Biliary ducts and Gallbladder Views W contrast percutaneous transhepatic,RF kolangiografi perkutaneus transhepatik,Radiologi,Permintaan & Hasil,bag2/RF - RFA
44227-7,RF Colon Views W barium contrast PR,RF kolon dengan barium enema,Radiologi,Permintaan & Hasil,bag2/RF - RFA
30815-5,RF Guidance for endoscopy of Biliary ducts and Pancreatic duct-- W contrast retrograde,"RF kombinasi kateterisasi endoskopi sistem duktus bilier dan pankreatikus,",Radiologi,Permintaan & Hasil,bag2/RF - RFA
48465-9,RF Larynx Views,RF laringografi kontras,Radiologi,Permintaan & Hasil,bag2/RF - RFA
37567-5,RF Colon Views W contrast via colostomy,RF lopografi,Radiologi,Permintaan & Hasil,bag2/RF - RFA
86379-5,RF Small bowel Views for loop diversion,RF lopografi distal,Radiologi,Permintaan & Hasil,bag2/RF - RFA
86379-5,RF Small bowel Views for loop diversion,RF lopografi proksimal,Radiologi,Permintaan & Hasil,bag2/RF - RFA
42459-8,RF Gastrointestinal tract upper Views W contrast PO,RF maagduodenography,Radiologi,Permintaan & Hasil,bag2/RF - RFA
43559-4,RF Urinary bladder and Urethra Views W contrast intra bladder during voiding,RF MCU (Micturating Cysto Urethrography),Radiologi,Permintaan & Hasil,bag2/RF - RFA
24947-4,RF Cervical spine Views W contrast IT,RF mielografi cervical,Radiologi,Permintaan & Hasil,bag2/RF - RFA
30808-0,RF Cervical and thoracic and lumbar spine Views W contrast IT,"RF mielografi cervical, thoracal, lumbal",Radiologi,Permintaan & Hasil,bag2/RF - RFA
30811-4,RF Posterior fossa Views W contrast IT,RF mielografi fossa posterior dengan kontras IT,Radiologi,Permintaan & Hasil,bag2/RF - RFA
24974-8,RF Lumbar spine Views W contrast IT,RF mielografi lumbal degan kontras,Radiologi,Permintaan & Hasil,bag2/RF - RFA
24974-8,RF Lumbar spine Views W contrast IT,RF mielografi lumbosakral,Radiologi,Permintaan & Hasil,bag2/RF - RFA
38103-8,RF Spine Cervical and Spine Lumbar Views W contrast IT,RF mielografi servikal & lumbal,Radiologi,Permintaan & Hasil,bag2/RF - RFA
24985-4,RF Thoracic spine Views W contrast IT,RF mielografi torakal,Radiologi,Permintaan & Hasil,bag2/RF - RFA
42459-8,RF Gastrointestinal tract upper Views W contrast PO,RF OMD kontras,Radiologi,Permintaan & Hasil,bag2/RF - RFA
86413-2,RF Guidance for placement of long feeding tube in Gastrointestinal tract,"RF pemasangan tabung gastrointestinal panjang (seperti Miller-Abbott), termasuk fluoroskopi dan film multipel,",Radiologi,Permintaan & Hasil,bag2/RF - RFA
86409-0,RF Rectum Views for rectal dysfunction W barium contrast PR,RF rectografi,Radiologi,Permintaan & Hasil,bag2/RF - RFA
86388-6,RF Kidney and Ureter and Urinary bladder Views W contrast retrograde,RF RPG (Retrograde Pyelography) dengan kontras retrograde,Radiologi,Permintaan & Hasil,bag2/RF - RFA
24902-9,RF Salivary gland Views W contrast intra salivary duct,RF sialografi,Radiologi,Permintaan & Hasil,bag2/RF - RFA
26067-9,RF Salivary gland - bilateral Views W contrast intra salivary duct,RF sialografi bilateral,Radiologi,Permintaan & Hasil,bag2/RF - RFA
24912-8,RF Sinus tract Views W contrast intra sinus tract,RF sinus fistula atau abses dengan kontras intra sinus,Radiologi,Permintaan & Hasil,bag2/RF - RFA
86398-5,RF Cerebral cisterns Views W contrast IT,RF sisternografi kontras IT,Radiologi,Permintaan & Hasil,bag2/RF - RFA
37569-1,RF Urinary bladder Views W contrast via suprapubic tube,RF sistografi kontras suprapubik,Radiologi,Permintaan & Hasil,bag2/RF - RFA
25022-5,RF Uterus and Fallopian tubes Views W contrast IU,RF sonde uterus,Radiologi,Permintaan & Hasil,bag2/RF - RFA
65799-9,RF Kidney - bilateral Single view for cyst,RF studi kista renal,Radiologi,Permintaan & Hasil,bag2/RF - RFA
24912-8,RF Sinus tract Views W contrast intra sinus tract,RF traktus sinus,Radiologi,Permintaan & Hasil,bag2/RF - RFA
25016-7,RF Urethra Views W contrast intra urethra,RF urethrografi,Radiologi,Permintaan & Hasil,bag2/RF - RFA
25020-9,RF Urinary bladder and Urethra Views W contrast retrograde via urethra,RF uretrosistografi retrograd,Radiologi,Permintaan & Hasil,bag2/RF - RFA
24923-5,RF Small bowel Views W positive contrast via enteroclysis tube,RF usus halus melalui tabung enteroklisis,Radiologi,Permintaan & Hasil,bag2/RF - RFA
75853-2,RF Vagina Views W contrast VG,RF vaginogram,Radiologi,Permintaan & Hasil,bag2/RF - RFA
39151-6,RF Vas deferens Views W contrast intra vas deferens,RF vasografi,Radiologi,Permintaan & Hasil,bag2/RF - RFA
70924-6,RF Guidance for percutaneous vertebroplasty of Lumbar spine,"RF vertebroplasty lumbal perkutan dengan pedoman fluoroskopi,",Radiologi,Permintaan & Hasil,bag2/RF - RFA
70923-8,RF Guidance for percutaneous vertebroplasty of Cervical spine,"RF vertebroplasty servikal perkutan dengan pedoman fluoroskopi,",Radiologi,Permintaan & Hasil,bag2/RF - RFA
70925-3,RF Guidance for percutaneous vertebroplasty of Thoracic spine,"RF vertebroplasty thorakal perkutan dengan pedoman fluoroskopi,",Radiologi,Permintaan & Hasil,bag2/RF - RFA
86440-5,RF Seminal vesicle Views W contrast intra seminal vesicle,RF vesikulogram,Radiologi,Permintaan & Hasil,bag2/RF - RFA
30838-7,RFA Aorta and Femoral artery - bilateral Runoff W contrast IA,RFA aorta abdominal dengan iliofemoral ekstremitas bawah bilateral dengan kontras IA,Radiologi,Permintaan & Hasil,bag2/RF - RFA
30837-9,RFA Abdominal Aorta Views W contrast IA,RFA aorta abdominal dengan kontras IA,Radiologi,Permintaan & Hasil,bag2/RF - RFA
86394-4,RFA Thoracic Aorta Views W contrast IA,RFA aorta thorakal dengan kontras IA,Radiologi,Permintaan & Hasil,bag2/RF - RFA
30834-6,RFA Renal artery - bilateral Views W contrast IA,RFA arteri ginjal bilateral dengan kontras IA,Radiologi,Permintaan & Hasil,bag2/RF - RFA
86414-0,RFA Renal arteries - unilateral Views W contrast IA,RFA arteri ginjal unilateral dengan kontras IA,Radiologi,Permintaan & Hasil,bag2/RF - RFA
39097-1,RFA Carotid artery - bilateral and Cerebral artery - bilateral Views W contrast IA,RFA arteri karotis bilateral dan arteri serebral bilateral dengan kontras IA,Radiologi,Permintaan & Hasil,bag2/RF - RFA
39098-9,RFA Carotid artery.cervical.bilateral Views W contrast IA,RFA arteri karotis cervical bilateral dengan kontras IA,Radiologi,Permintaan & Hasil,bag2/RF - RFA
37945-3,RFA Carotid artery.cervical - right Views W contrast IA,RFA arteri karotis cervical kanan dengan kontras IA,Radiologi,Permintaan & Hasil,bag2/RF - RFA
38863-7,RFA Carotid artery.cervical - left Views W contrast IA,RFA arteri karotis cervical kiri dengan kontras IA,Radiologi,Permintaan & Hasil,bag2/RF - RFA
37944-6,RFA Carotid artery and Cerebral artery - right Views W contrast IA,RFA arteri karotis dan arteri serebral kanan dengan kontras IA,Radiologi,Permintaan & Hasil,bag2/RF - RFA
38862-9,RFA Carotid artery and Cerebral artery - left Views W contrast IA,RFA arteri karotis dan arteri serebral kiri dengan kontras IA,Radiologi,Permintaan & Hasil,bag2/RF - RFA
30820-5,RFA Carotid artery.external - bilateral Views W contrast IA,RFA arteri karotis eksterna bilateral dengan kontras IA,Radiologi,Permintaan & Hasil,bag2/RF - RFA
37948-7,RFA Carotid artery.external - right Views W contrast IA,RFA arteri karotis eksterna kanan dengan kontras IA,Radiologi,Permintaan & Hasil,bag2/RF - RFA
37390-2,RFA Carotid artery.external - left Views W contrast IA,RFA arteri karotis eksterna kiri dengan kontras IA,Radiologi,Permintaan & Hasil,bag2/RF - RFA
30829-6,RFA Internal thoracic artery Views W contrast IA,RFA arteri mammaria dengan kontras IA,Radiologi,Permintaan & Hasil,bag2/RF - RFA
30830-4,RFA Pulmonary artery - bilateral Views W contrast IA,RFA arteri pulmonal bilateral dengan kontras IA,Radiologi,Permintaan & Hasil,bag2/RF - RFA
86418-1,RFA Pulmonary arteries - unilateral Views W contrast IA,RFA arteri pulmonal unilateral dengan kontras,Radiologi,Permintaan & Hasil,bag2/RF - RFA
30824-7,RFA Intercranial vessel and Neck Vessel Views W contrast,RFA arteri servikoserebral dengan kontras IA,Radiologi,Permintaan & Hasil,bag2/RF - RFA
30824-7,RFA Intercranial vessel and Neck Vessel Views W contrast,RFA arteri vertebra cervical dan/atau intrakranial dengan kontras,Radiologi,Permintaan & Hasil,bag2/RF - RFA
25026-6,RFA Guidance for placement of venous filter in Inferior vena cava-- W contrast IV,RFA guidance penempatan filter fena pada vena cava inferior,Radiologi,Permintaan & Hasil,bag2/RF - RFA
86461-1,RFA Adrenal vessel Views,RFA pembuluh darah adrenal bilateral,Radiologi,Permintaan & Hasil,bag2/RF - RFA
86461-1,RFA Adrenal vessel Views,RFA pembuluh darah adrenal unilateral,Radiologi,Permintaan & Hasil,bag2/RF - RFA
42157-8,RFA Extremity vessels Views W contrast IV,RFA pembuluh darah ekstremitas bilateral dengan kontras IV,Radiologi,Permintaan & Hasil,bag2/RF - RFA
94095-7,RFA Extremity vessels Unilateral Views W contrast IV,RFA pembuluh darah ekstremitas unilateral dengan kontras IV,Radiologi,Permintaan & Hasil,bag2/RF - RFA
37640-0,RFA Renal vessels Views W contrast,RFA pembuluh darah ginjal,Radiologi,Permintaan & Hasil,bag2/RF - RFA
37640-0,RFA Renal vessels Views W contrast,RFA pembuluh darah ginjal bilateral dengan kontras,Radiologi,Permintaan & Hasil,bag2/RF - RFA
30851-0,RFA Extremity lymphatic vessels - bilateral Views W contrast intra lymphatic,RFA pembuluh darah limfatik ekstremitas bilateral dengan kontras intra lymphatic,Radiologi,Permintaan & Hasil,bag2/RF - RFA
38812-4,RFA Extremity lymphatic vessels - right Views W contrast intra lymphatic,RFA pembuluh darah limfatik ekstremitas kanan dengan kontras intra lymphatic,Radiologi,Permintaan & Hasil,bag2/RF - RFA
37599-8,RFA Extremity lymphatic vessels - left Views W contrast intra lymphatic,RFA pembuluh darah limfatik ekstremitas kiri dengan kontras intra lymphatic,Radiologi,Permintaan & Hasil,bag2/RF - RFA
37598-0,RFA Abdominal and pelvic lymphatic vessels - bilateral Views W contrast intra lymphatic,RFA pembuluh darah limfatik pelvis dan abdomen bilateral dengan kontras intra lymphatic,Radiologi,Permintaan & Hasil,bag2/RF - RFA
38811-6,RFA Abdominal and pelvic lymphatic vessels - right Views W contrast intra lymphatic,RFA pembuluh darah limfatik pelvis dan abdomen kanan dengan kontras intra lymphatic,Radiologi,Permintaan & Hasil,bag2/RF - RFA
37596-4,RFA Abdominal and pelvic lymphatic vessels - left Views W contrast intra lymphatic,RFA pembuluh darah limfatik pelvis dan abdomen kiri dengan kontras intra lymphatic,Radiologi,Permintaan & Hasil,bag2/RF - RFA
37615-2,RFA Pelvis vessels Views W contrast,RFA pembuluh darah pelvis dengan kontras,Radiologi,Permintaan & Hasil,bag2/RF - RFA
64141-5,RFA Renal vessels - right Views W contrast,RFA pembuluh darah renal kanan,Radiologi,Permintaan & Hasil,bag2/RF - RFA
64140-7,RFA Renal vessels - left Views W contrast,RFA pembuluh darah renal kiri,Radiologi,Permintaan & Hasil,bag2/RF - RFA
86460-3,RFA Spine vessel Views,RFA pembuluh darah spinal,Radiologi,Permintaan & Hasil,bag2/RF - RFA
37981-8,RFA Visceral vessels Views W contrast,RFA pembuluh darah viseral dengan kontras,Radiologi,Permintaan & Hasil,bag2/RF - RFA
30841-1,RFA Portal vein Views W contrast transhepatic,RFA percutaneous transhepatic portography dengan kontras transhepatic,Radiologi,Permintaan & Hasil,bag2/RF - RFA
30816-3,RFA Peritoneum Views W contrast percutaneous intraperitoneal,RFA peritoneogram,Radiologi,Permintaan & Hasil,bag2/RF - RFA
24991-2,RFA Splenic vein and Portal vein Views W contrast IA,RFA splenoportografi dengan kontras IA,Radiologi,Permintaan & Hasil,bag2/RF - RFA
94094-0,RFA Unspecified body region Limited Views for therapy or embolization or infusion W contrast via existing catheter,RFA terapi transkateter infus dengan kontras melalui kateter,Radiologi,Permintaan & Hasil,bag2/RF - RFA
30844-5,RFA Adrenal vein - bilateral Views W contrast IV,RFA vena adrenal bilateral dengan kontras IV,Radiologi,Permintaan & Hasil,bag2/RF - RFA
37940-4,RFA Adrenal vein - right Views W contrast IV,RFA vena adrenal kanan dengan kontras IV,Radiologi,Permintaan & Hasil,bag2/RF - RFA
37602-0,RFA Adrenal vein - left Views W contrast IV,RFA vena adrenal kiri dengan kontras IV,Radiologi,Permintaan & Hasil,bag2/RF - RFA
30845-2,RFA Inferior vena cava Views W contrast IV,RFA vena cava inferior dengan kontras IV,Radiologi,Permintaan & Hasil,bag2/RF - RFA
30645-6,RFA Superior vena cava Views W contrast IV,RFA vena cava superior dengan kontras IV,Radiologi,Permintaan & Hasil,bag2/RF - RFA
37412-4,RFA Extremity veins - bilateral Views W contrast IV,RFA vena ekstremitas bilateral dengan kontras IV,Radiologi,Permintaan & Hasil,bag2/RF - RFA
86396-9,RFA Extremity veins - unilateral Views W contrast IV,RFA vena ekstremitas unilateral dengan kontras IV,Radiologi,Permintaan & Hasil,bag2/RF - RFA
30819-7,RFA Epidural veins Views W contrast IV,RFA vena epidural dengan kontras IV,Radiologi,Permintaan & Hasil,bag2/RF - RFA
30846-0,RFA Renal vein - bilateral Views W contrast IV,RFA vena ginjal bilateral dengan kontras IV,Radiologi,Permintaan & Hasil,bag2/RF - RFA
86415-7,RFA Renal vein - unilateral Views W contrast IV,RFA vena ginjal unilateral dengan kontras IV,Radiologi,Permintaan & Hasil,bag2/RF - RFA
39096-3,RFA Hepatic veins Views for hemodynamics W contrast IV,RFA vena hepatik evaluasi hemodinamik dengan kontras IV,Radiologi,Permintaan & Hasil,bag2/RF - RFA
39093-0,RFA Hepatic veins Views W contrast IV,RFA vena hepatik tanpa evaluasi hemodinamik dengan kontras IV,Radiologi,Permintaan & Hasil,bag2/RF - RFA
30825-4,RFA Orbit veins Views W contrast IV,RFA vena orbita dengan kontras IV,Radiologi,Permintaan & Hasil,bag2/RF - RFA
37195-5,RFA Cerebral vein Views W contrast IV,RFA vena sinus sagitalis superior dengan kontras IV,Radiologi,Permintaan & Hasil,bag2/RF - RFA
37969-3,RFA Sinus vein Views W contrast IV,RFA vena sinus venosus (petrosus dan sagital inferior) atau jugular dengan kontras IV,Radiologi,Permintaan & Hasil,bag2/RF - RFA
25020-9,RF Urinary bladder and Urethra Views W contrast retrograde via urethra,Urethrocystogram bipolar,Radiologi,Permintaan & Hasil,bag2/RF - RFA
25016-7,RF Urethra Views W contrast intra urethra,Urethrography pericatheter,Radiologi,Permintaan & Hasil,bag2/RF - RFA
86395-1,RF videography Hypopharynx and Esophagus Views for swallowing function W speech and W barium contrast PO,Videofluoroscopic Swallow Study (VFSS),Radiologi,Permintaan & Hasil,bag2/RF - RFA
24682-7,RF videography Hypopharynx and Esophagus Views W liquid and paste contrast PO during swallowing,Videofluoroscopic Swallow Study (VFSS),Radiologi,Permintaan & Hasil,bag2/RF - RFA
24681-9,RF videography Hypopharynx and Esophagus Views,Videofluoroscopic Swallow Study (VFSS) tanpa kontras,Radiologi,Permintaan & Hasil,bag2/RF - RFA
43559-4,RF Urinary bladder and Urethra Views W contrast intra bladder during voiding,Voiding Cystourethrogram (VCUG),Radiologi,Permintaan & Hasil,bag2/RF - RFA
36134-5,MR Abdomen W contrast IV,MR abdomen atas dengan kontras,Radiologi,Permintaan & Hasil,bag2/MRI - MRA
30668-8,MR Abdomen WO contrast,MR abdomen atas nonkontras,Radiologi,Permintaan & Hasil,bag2/MRI - MRA
36134-5,MR Abdomen W contrast IV,MR abdomen atas nonkontras,Radiologi,Permintaan & Hasil,bag2/MRI - MRA
97393-3,MR Abdomen and Pelvis W contrast IV,MR abdomen bawah dan pelvis dengan kontras IV,Radiologi,Permintaan & Hasil,bag2/MRI - MRA
97391-7,MR Abdomen and Pelvis WO contrast,MR abdomen bawah dan pelvis nonkontras IV,Radiologi,Permintaan & Hasil,bag2/MRI - MRA
36237-6,MR Pelvis W contrast IV,MR abdomen bawah dengan kontras,Radiologi,Permintaan & Hasil,bag2/MRI - MRA
36134-5,MR Abdomen W contrast IV,MR abdomen bawah dengan kontras IV,Radiologi,Permintaan & Hasil,bag2/MRI - MRA
30673-8,MR Pelvis WO contrast,MR abdomen bawah nonkontras,Radiologi,Permintaan & Hasil,bag2/MRI - MRA
36134-5,MR Abdomen W contrast IV,MR abdomen dengan kontras IV,Radiologi,Permintaan & Hasil,bag2/MRI - MRA
97393-3,MR Abdomen and Pelvis W contrast IV,MR abdomen lengkap (abdomen atas + pelvis) dengan kontras,Radiologi,Permintaan & Hasil,bag2/MRI - MRA
97391-7,MR Abdomen and Pelvis WO contrast,MR abdomen lengkap (abdomen atas + pelvis) nonkontras,Radiologi,Permintaan & Hasil,bag2/MRI - MRA
97392-5,MR Abdomen and Pelvis WO and W contrast IV,MR abdomen lengkap (abdomen atas + pelvis) nonkontras diikuti dengan kontras IV,Radiologi,Permintaan & Hasil,bag2/MRI - MRA
30668-8,MR Abdomen WO contrast,MR abdomen nonkontras,Radiologi,Permintaan & Hasil,bag2/MRI - MRA
24557-1,MR Abdomen WO and W contrast IV,MR abdomen nonkontras diikuti dengan kontras IV,Radiologi,Permintaan & Hasil,bag2/MRI - MRA
39141-7,MR Bone marrow,MR aliran darah sumsum tulang,Radiologi,Permintaan & Hasil,bag2/MRI - MRA
69175-8,MR Forearm - bilateral W contrast IV,MR antebrachi bilateral dengan kontras IV,Radiologi,Permintaan & Hasil,bag2/MRI - MRA
69176-6,MR Forearm - bilateral WO contrast,MR antebrachi bilateral nonkontras,Radiologi,Permintaan & Hasil,bag2/MRI - MRA
36186-5,MR Forearm W contrast IV,MR antebrachi dengan kontras IV,Radiologi,Permintaan & Hasil,bag2/MRI - MRA
36190-7,MR Forearm - right W contrast IV,MR antebrachi kanan dengan kontras,Radiologi,Permintaan & Hasil,bag2/MRI - MRA
36188-1,MR Forearm - left W contrast IV,MR antebrachi kiri dengan kontras IV,Radiologi,Permintaan & Hasil,bag2/MRI - MRA
30683-7,MR Forearm WO contrast,MR antebrachi nonkontras,Radiologi,Permintaan & Hasil,bag2/MRI - MRA
69184-0,MR Shoulder - bilateral W contrast IV,MR bahu bilateral dengan kontras IV,Radiologi,Permintaan & Hasil,bag2/MRI - MRA
36525-4,MR Shoulder - bilateral WO contrast,MR bahu bilateral nonkontras,Radiologi,Permintaan & Hasil,bag2/MRI - MRA
36251-7,MR Shoulder W contrast IV,MR bahu dengan kontras IV,Radiologi,Permintaan & Hasil,bag2/MRI - MRA
30693-6,MR Shoulder WO contrast,MR bahu nonkontras,Radiologi,Permintaan & Hasil,bag2/MRI - MRA
24590-2,MR Brain,MR brain,Radiologi,Permintaan & Hasil,bag2/MRI - MRA
24748-6,MR Heart,MR cardiac,Radiologi,Permintaan & Hasil,bag2/MRI - MRA
36197-2,MR Heart W contrast IV,MR cardiac dengan kontras IV,Radiologi,Permintaan & Hasil,bag2/MRI - MRA
58750-1,MR Heart W stress,MR cardiac dengan stress imaging,Radiologi,Permintaan & Hasil,bag2/MRI - MRA
36482-8,MR Heart WO contrast,MR cardiac nonkontras,Radiologi,Permintaan & Hasil,bag2/MRI - MRA
36482-8,MR Heart WO contrast,MR cardiac nonkontras,Radiologi,Permintaan & Hasil,bag2/MRI - MRA
95923-9,MR Heart W stress and W contrast IV,MR cardiac nonkontras stress imaging diikuti dengan kontras IV,Radiologi,Permintaan & Hasil,bag2/MRI - MRA
39140-9,MR Heart cine for blood flow velocity mapping,MR cardiac untuk mapping kecepatan aliran,Radiologi,Permintaan & Hasil,bag2/MRI - MRA
24802-1,MR Knee,MR cartigram + genu dengan kontras,Radiologi,Permintaan & Hasil,bag2/MRI - MRA
36127-9,MR Knee - right Arthrogram,MR cartigram + genu kanan dengan kontras,Radiologi,Permintaan & Hasil,bag2/MRI - MRA
36126-1,MR Knee - left Arthrogram,MR cartigram + genu kiri dengan kontras,Radiologi,Permintaan & Hasil,bag2/MRI - MRA
36155-0,MR Internal auditory canal W contrast IV,MR CISS/cochlea dengan kontras IV,Radiologi,Permintaan & Hasil,bag2/MRI - MRA
30658-9,MR Internal auditory canal WO contrast,MR CISS/cochlea nonkontras,Radiologi,Permintaan & Hasil,bag2/MRI - MRA
42694-0,MR Clavicle W contrast IV,MR clavikula dengan kontras IV,Radiologi,Permintaan & Hasil,bag2/MRI - MRA
42302-0,MR Clavicle WO contrast,MR clavikula nonkontras,Radiologi,Permintaan & Hasil,bag2/MRI - MRA
42695-7,MR Lower leg - bilateral W contrast IV,MR cruris bilateral dengan kontras IV,Radiologi,Permintaan & Hasil,bag2/MRI - MRA
69185-7,MR Lower leg - bilateral WO contrast,MR cruris bilateral nonkontras,Radiologi,Permintaan & Hasil,bag2/MRI - MRA
36259-0,MR Lower leg W contrast IV,MR cruris dengan kontras IV,Radiologi,Permintaan & Hasil,bag2/MRI - MRA
36263-2,MR Lower leg - right W contrast IV,MR cruris kanan dengan kontras IV,Radiologi,Permintaan & Hasil,bag2/MRI - MRA
36261-6,MR Lower leg - left W contrast IV,MR cruris kiri dengan kontras IV,Radiologi,Permintaan & Hasil,bag2/MRI - MRA
30869-2,MR Lower leg WO contrast,MR cruris nonkontras,Radiologi,Permintaan & Hasil,bag2/MRI - MRA
69170-9,MR Elbow - bilateral W contrast IV,MR cubiti bilateral dengan kontras IV,Radiologi,Permintaan & Hasil,bag2/MRI - MRA
69171-7,MR Elbow - bilateral WO contrast,MR cubiti bilateral nonkontras,Radiologi,Permintaan & Hasil,bag2/MRI - MRA
36158-4,MR Elbow W contrast IV,MR cubiti dengan kontras IV,Radiologi,Permintaan & Hasil,bag2/MRI - MRA
36162-6,MR Elbow - right W contrast IV,MR cubiti kanan dengan kontras IV,Radiologi,Permintaan & Hasil,bag2/MRI - MRA
36160-0,MR Elbow - left W contrast IV,MR cubiti kiri dengan kontras IV,Radiologi,Permintaan & Hasil,bag2/MRI - MRA
30796-7,MR Elbow WO contrast,MR cubiti nonkontras,Radiologi,Permintaan & Hasil,bag2/MRI - MRA
72245-4,MR Pelvis Defecography W contrast PR,MR defekografi,Radiologi,Permintaan & Hasil,bag2/MRI - MRA
36389-5,MR Prostate WO and W contrast IV,MR dinamik multiparametrik prostat dengan kontras IV,Radiologi,Permintaan & Hasil,bag2/MRI - MRA
39037-7,MR Upper extremity W contrast IV,MR ekstremitas atas dengan kontras IV,Radiologi,Permintaan & Hasil,bag2/MRI - MRA
39033-6,MR Upper extremity WO contrast,MR ekstremitas atas nonkontras,Radiologi,Permintaan & Hasil,bag2/MRI - MRA
39034-4,MR Upper extremity WO and W contrast IV,MR ekstremitas atas nonkontras diikuti dengan kontras IV,Radiologi,Permintaan & Hasil,bag2/MRI - MRA
39293-6,MR Lower extremity W contrast IV,MR ekstremitas bawah dengan kontras IV,Radiologi,Permintaan & Hasil,bag2/MRI - MRA
39292-8,MR Lower extremity WO contrast,MR ekstremitas bawah nonkontras,Radiologi,Permintaan & Hasil,bag2/MRI - MRA
39291-0,MR Lower extremity WO and W contrast IV,MR ekstremitas bawah nonkontras diikuti dengan kontras IV,Radiologi,Permintaan & Hasil,bag2/MRI - MRA
72247-0,MR Abdomen and Pelvis W contrast PO and WO contrast IV,MR enterografi,Radiologi,Permintaan & Hasil,bag2/MRI - MRA
72246-2,MR Abdomen and Pelvis W contrast PO and WO and W contrast IV,MR enterography dengan kontras,Radiologi,Permintaan & Hasil,bag2/MRI - MRA
80501-0,MR Small bowel W contrast PO and WO contrast IV,MR enterography nonkontras,Radiologi,Permintaan & Hasil,bag2/MRI - MRA
26196-6,MR Thigh - bilateral WO and W contrast IV,MR femur bilateral dengan kontras,Radiologi,Permintaan & Hasil,bag2/MRI - MRA
69173-3,MR Femur - bilateral WO contrast,MR femur bilateral nonkontras,Radiologi,Permintaan & Hasil,bag2/MRI - MRA
36173-3,MR Thigh W contrast IV,MR femur dengan kontras,Radiologi,Permintaan & Hasil,bag2/MRI - MRA
36177-4,MR Thigh - right W contrast IV,MR femur kanan dengan kontras,Radiologi,Permintaan & Hasil,bag2/MRI - MRA
36175-8,MR Thigh - left W contrast IV,MR femur kiri dengan kontras,Radiologi,Permintaan & Hasil,bag2/MRI - MRA
36461-2,MR Thigh WO contrast,MR femur nonkontras,Radiologi,Permintaan & Hasil,bag2/MRI - MRA
35990-1,MR Fetal,MR fetal,Radiologi,Permintaan & Hasil,bag2/MRI - MRA
35990-1,MR Fetal,MR fetus nonkontras,Radiologi,Permintaan & Hasil,bag2/MRI - MRA
58748-5,Functional MR Brain,MR functional brain nonkontras,Radiologi,Permintaan & Hasil,bag2/MRI - MRA
36224-4,MR Knee - bilateral W contrast IV,MR genu bilateral dengan kontras,Radiologi,Permintaan & Hasil,bag2/MRI - MRA
36506-4,MR Knee - bilateral WO contrast,MR genu bilateral nonkontras,Radiologi,Permintaan & Hasil,bag2/MRI - MRA
24802-1,MR Knee,MR genu cartigram,Radiologi,Permintaan & Hasil,bag2/MRI - MRA
36223-6,MR Knee W contrast IV,MR genu dengan kontras,Radiologi,Permintaan & Hasil,bag2/MRI - MRA
36228-5,MR Knee - right W contrast IV,MR genu kanan dengan kontras,Radiologi,Permintaan & Hasil,bag2/MRI - MRA
36226-9,MR Knee - left W contrast IV,MR genu kiri dengan kontras,Radiologi,Permintaan & Hasil,bag2/MRI - MRA
30691-0,MR Knee WO contrast,MR genu nonkontras,Radiologi,Permintaan & Hasil,bag2/MRI - MRA
39028-6,MR Guidance for needle localization of Unspecified body region,MR guidance untuk penempatan jarum,Radiologi,Permintaan & Hasil,bag2/MRI - MRA
36238-4,MR Pituitary and Sella turcica W contrast IV,MR hipofisis dynamic dengan kontras IV,Radiologi,Permintaan & Hasil,bag2/MRI - MRA
30666-2,MR Pituitary and Sella turcica WO contrast,MR hipofisis dynamic nonkontras,Radiologi,Permintaan & Hasil,bag2/MRI - MRA
69180-8,MR Upper arm - bilateral,MR humerus bilateral dengan kontras IV,Radiologi,Permintaan & Hasil,bag2/MRI - MRA
69183-2,MR Upper arm - bilateral WO contrast,MR humerus bilateral nonkontras,Radiologi,Permintaan & Hasil,bag2/MRI - MRA
36208-7,MR Upper arm W contrast IV,MR humerus dengan kontras IV,Radiologi,Permintaan & Hasil,bag2/MRI - MRA
30689-4,MR Upper arm WO contrast,MR humerus nonkontras,Radiologi,Permintaan & Hasil,bag2/MRI - MRA
36091-7,MR Heart limited,MR jantung terbatas,Radiologi,Permintaan & Hasil,bag2/MRI - MRA
69164-2,MR Ankle - bilateral WO contrast,MR kaki bilateral nonkontras,Radiologi,Permintaan & Hasil,bag2/MRI - MRA
36230-1,MR Larynx W contrast IV,MR laring kontras IV,Radiologi,Permintaan & Hasil,bag2/MRI - MRA
48445-1,MR Larynx WO contrast,MR laring nonkontras,Radiologi,Permintaan & Hasil,bag2/MRI - MRA
24841-9,MR Neck W contrast IV,MR leher (faring-laring) dengan kontras IV,Radiologi,Permintaan & Hasil,bag2/MRI - MRA
24841-9,MR Neck W contrast IV,MR leher (neck soft tissue) kontras IV,Radiologi,Permintaan & Hasil,bag2/MRI - MRA
30660-5,MR Neck WO contrast,MR leher (neck soft tissue) nonkontras,Radiologi,Permintaan & Hasil,bag2/MRI - MRA
36239-2,MR Brachial plexus W contrast IV,MR leher pleksus brachialis dengan kontras IV,Radiologi,Permintaan & Hasil,bag2/MRI - MRA
36231-9,MR Liver W contrast IV,MR liver dengan kontras IV,Radiologi,Permintaan & Hasil,bag2/MRI - MRA
91715-3,MR Spine Lumbar and Sacrum W contrast IV,MR lumbosacral dengan kontras IV,Radiologi,Permintaan & Hasil,bag2/MRI - MRA
91717-9,MR Spine Lumbar and Sacrum WO contrast,MR lumbosacral nonkontras,Radiologi,Permintaan & Hasil,bag2/MRI - MRA
69178-2,MR Hand - bilateral W contrast IV,MR manus bilateral dengan kontras,Radiologi,Permintaan & Hasil,bag2/MRI - MRA
69179-0,MR Hand - bilateral WO contrast,MR manus bilateral nonkontras,Radiologi,Permintaan & Hasil,bag2/MRI - MRA
36192-3,MR Hand W contrast IV,MR manus dengan kontras,Radiologi,Permintaan & Hasil,bag2/MRI - MRA
36196-4,MR Hand - right W contrast IV,MR manus kanan dengan kontras,Radiologi,Permintaan & Hasil,bag2/MRI - MRA
36194-9,MR Hand - left W contrast IV,MR manus kiri dengan kontras,Radiologi,Permintaan & Hasil,bag2/MRI - MRA
30685-2,MR Hand WO contrast,MR manus nonkontras,Radiologi,Permintaan & Hasil,bag2/MRI - MRA
48440-2,MR Skull base W contrast IV,MR mastoid dengan kontras,Radiologi,Permintaan & Hasil,bag2/MRI - MRA
48687-8,MR Skull base WO contrast,MR mastoid nonkontras,Radiologi,Permintaan & Hasil,bag2/MRI - MRA
37272-2,MR Mediastinum WO and W contrast IV,MR mediastinum dengan kontras,Radiologi,Permintaan & Hasil,bag2/MRI - MRA
80495-5,MR Mediastinum WO contrast,MR mediastinum nonkontras,Radiologi,Permintaan & Hasil,bag2/MRI - MRA
37272-2,MR Mediastinum WO and W contrast IV,MR mediastinum nonkontras diikuti dengan kontras IV,Radiologi,Permintaan & Hasil,bag2/MRI - MRA
36233-5,MR Nasopharynx W contrast IV,MR nasofaring dengan kontras IV,Radiologi,Permintaan & Hasil,bag2/MRI - MRA
36513-0,MR Nasopharynx WO contrast,MR nasofaring nonkontras,Radiologi,Permintaan & Hasil,bag2/MRI - MRA
35990-1,MR Fetal,MR obstetri / plasenta nonkontras,Radiologi,Permintaan & Hasil,bag2/MRI - MRA
36820-9,MR Orbit W contrast IV,MR orbita dengan kontras IV,Radiologi,Permintaan & Hasil,bag2/MRI - MRA
36820-9,MR Orbit W contrast IV,MR orbita dengan kontras IV,Radiologi,Permintaan & Hasil,bag2/MRI - MRA
36872-0,MR Orbit WO contrast,MR orbita nonkontras,Radiologi,Permintaan & Hasil,bag2/MRI - MRA
36842-3,MR Orbit WO and W contrast IV,MR orbita nonkontras dan diikuti dengan kontras IV,Radiologi,Permintaan & Hasil,bag2/MRI - MRA
46321-6,MR Orbit and Face and Neck W contrast IV,"MR orbita, wajah, dan leher dengan kontras IV",Radiologi,Permintaan & Hasil,bag2/MRI - MRA
46332-3,MR Orbit and Face and Neck WO contrast,"MR orbita, wajah, dan leher nonkontras",Radiologi,Permintaan & Hasil,bag2/MRI - MRA
46310-9,MR Orbit and Face and Neck WO and W contrast IV,"MR orbita, wajah, dan leher nonkontras diikuti dengan kontras IV",Radiologi,Permintaan & Hasil,bag2/MRI - MRA
43455-5,MR Oropharynx,MR orofaring dengan kontras,Radiologi,Permintaan & Hasil,bag2/MRI - MRA
43455-5,MR Oropharynx,MR orofaring nonkontras,Radiologi,Permintaan & Hasil,bag2/MRI - MRA
69211-1,MR Nasal bones,MR os nasal nonkontras,Radiologi,Permintaan & Hasil,bag2/MRI - MRA
24589-4,MR Brain W contrast IV,MR otak dengan kontras IV,Radiologi,Permintaan & Hasil,bag2/MRI - MRA
24589-4,MR Brain W contrast IV,MR otak dengan kontras IV,Radiologi,Permintaan & Hasil,bag2/MRI - MRA
99702-3,MR tractography Brain,MR otak DTI dengan kontras,Radiologi,Permintaan & Hasil,bag2/MRI - MRA
30657-1,MR Brain WO contrast,MR otak nonkontras,Radiologi,Permintaan & Hasil,bag2/MRI - MRA
24587-8,MR Brain WO and W contrast IV,MR otak nonkontras diikuti dengan kontras IV,Radiologi,Permintaan & Hasil,bag2/MRI - MRA
36096-6,MR Brain limited W contrast IV,MR otak terbatas dengan kontras IV,Radiologi,Permintaan & Hasil,bag2/MRI - MRA
36105-5,MR Brain limited WO contrast,MR otak terbatas nonkontras,Radiologi,Permintaan & Hasil,bag2/MRI - MRA
30795-9,MR Breast - bilateral,MR payudara bilateral,Radiologi,Permintaan & Hasil,bag2/MRI - MRA
36150-1,MR Breast - bilateral W contrast IV,MR payudara bilateral dengan kontras IV,Radiologi,Permintaan & Hasil,bag2/MRI - MRA
36437-2,MR Breast - bilateral WO contrast,MR payudara bilateral nonkontras,Radiologi,Permintaan & Hasil,bag2/MRI - MRA
36436-4,MR Breast WO contrast,MR payudara nonkontras,Radiologi,Permintaan & Hasil,bag2/MRI - MRA
36436-4,MR Breast WO contrast,MR payudara nonkontras,Radiologi,Permintaan & Hasil,bag2/MRI - MRA
36277-2,MR Breast - bilateral WO and W contrast IV,MR payudara nonkontras diikuti dengan kontras bilateral,Radiologi,Permintaan & Hasil,bag2/MRI - MRA
46299-4,MR Breast - unilateral,MR payudara unilateral,Radiologi,Permintaan & Hasil,bag2/MRI - MRA
46323-2,MR Breast - unilateral W contrast IV,MR payudara unilateral dengan kontras IV,Radiologi,Permintaan & Hasil,bag2/MRI - MRA
46333-1,MR Breast - unilateral WO contrast,MR payudara unilateral nonkontras,Radiologi,Permintaan & Hasil,bag2/MRI - MRA
43528-9,MR Breast - unilateral WO and W contrast IV,MR payudara unilateral nonkontras diikuti dengan kontras IV,Radiologi,Permintaan & Hasil,bag2/MRI - MRA
36180-8,MR Foot - bilateral W contrast IV,MR pedis bilateral dengan kontras,Radiologi,Permintaan & Hasil,bag2/MRI - MRA
36467-9,MR Foot - bilateral WO contrast,MR pedis bilateral nonkontras,Radiologi,Permintaan & Hasil,bag2/MRI - MRA
36179-0,MR Foot W contrast IV,MR pedis dengan kontras,Radiologi,Permintaan & Hasil,bag2/MRI - MRA
36184-0,MR Foot - right W contrast IV,MR pedis kanan dengan kontras,Radiologi,Permintaan & Hasil,bag2/MRI - MRA
36182-4,MR Foot - left W contrast IV,MR pedis kiri dengan kontras,Radiologi,Permintaan & Hasil,bag2/MRI - MRA
30681-1,MR Foot WO contrast,MR pedis nonkontras,Radiologi,Permintaan & Hasil,bag2/MRI - MRA
36237-6,MR Pelvis W contrast IV,MR pelvis dengan kontras IV,Radiologi,Permintaan & Hasil,bag2/MRI - MRA
30673-8,MR Pelvis WO contrast,MR pelvis nonkontras,Radiologi,Permintaan & Hasil,bag2/MRI - MRA
30674-6,MR Pelvis WO and W contrast IV,MR pelvis nonkontras diikuti dengan kontras IV,Radiologi,Permintaan & Hasil,bag2/MRI - MRA
69163-4,MR Ankle - bilateral W contrast IV,MR pergelangan kaki bilateral dengan kontras,Radiologi,Permintaan & Hasil,bag2/MRI - MRA
36136-0,MR Ankle W contrast IV,MR pergelangan kaki dengan kontras,Radiologi,Permintaan & Hasil,bag2/MRI - MRA
36140-2,MR Ankle - right W contrast IV,MR pergelangan kaki kanan dengan kontras,Radiologi,Permintaan & Hasil,bag2/MRI - MRA
36138-6,MR Ankle - left W contrast IV,MR pergelangan kaki kiri dengan kontras,Radiologi,Permintaan & Hasil,bag2/MRI - MRA
30680-3,MR Ankle WO contrast,MR pergelangan kaki nonkontras,Radiologi,Permintaan & Hasil,bag2/MRI - MRA
37449-6,MR Wrist - bilateral W contrast IV,MR pergelangan tangan bilateral dengan kontras,Radiologi,Permintaan & Hasil,bag2/MRI - MRA
37462-9,MR Wrist - bilateral WO contrast,MR pergelangan tangan bilateral nonkontras,Radiologi,Permintaan & Hasil,bag2/MRI - MRA
37448-8,MR Wrist W contrast IV,MR pergelangan tangan dengan kontras,Radiologi,Permintaan & Hasil,bag2/MRI - MRA
37453-8,MR Wrist - right W contrast IV,MR pergelangan tangan kanan dengan kontras,Radiologi,Permintaan & Hasil,bag2/MRI - MRA
37451-2,MR Wrist - left W contrast IV,MR pergelangan tangan kiri dengan kontras,Radiologi,Permintaan & Hasil,bag2/MRI - MRA
37460-3,MR Wrist WO contrast,MR pergelangan tangan nonkontras,Radiologi,Permintaan & Hasil,bag2/MRI - MRA
69195-6,MR Finger W contrast IV,MR phalang manus dengan kontras,Radiologi,Permintaan & Hasil,bag2/MRI - MRA
69215-2,MR Finger - right W contrast IV,MR phalang manus kanan dengan kontras,Radiologi,Permintaan & Hasil,bag2/MRI - MRA
69205-3,MR Finger - left W contrast IV,MR phalang manus kiri dengan kontras,Radiologi,Permintaan & Hasil,bag2/MRI - MRA
69196-4,MR Finger WO contrast,MR phalang manus nonkontras,Radiologi,Permintaan & Hasil,bag2/MRI - MRA
91597-5,MR Toe WO and W contrast IV,MR phalang pedis dengan kontras,Radiologi,Permintaan & Hasil,bag2/MRI - MRA
25056-3,MR Unspecified body region,MR prosedur,Radiologi,Permintaan & Hasil,bag2/MRI - MRA
36244-2,MR Prostate W contrast IV,MR prostat dengan kontras IV,Radiologi,Permintaan & Hasil,bag2/MRI - MRA
36389-5,MR Prostate WO and W contrast IV,MR prostat dynamic nonkontras dengan kontras IV,Radiologi,Permintaan & Hasil,bag2/MRI - MRA
36519-7,MR Prostate WO contrast,MR prostat nonkontras,Radiologi,Permintaan & Hasil,bag2/MRI - MRA
36519-7,MR Prostate WO contrast,MR prostat nonkontras,Radiologi,Permintaan & Hasil,bag2/MRI - MRA
36061-0,MR Scapula,MR scapula bilateral nonkontras,Radiologi,Permintaan & Hasil,bag2/MRI - MRA
36061-0,MR Scapula,MR scapula nonkontras,Radiologi,Permintaan & Hasil,bag2/MRI - MRA
46358-8,MR Whole body,MR seluruh tubuh,Radiologi,Permintaan & Hasil,bag2/MRI - MRA
36216-0,MR Upper extremity.joint W contrast IV,MR sendi ekstremitas atas dengan kontras IV,Radiologi,Permintaan & Hasil,bag2/MRI - MRA
36500-7,MR Upper extremity.joint WO contrast,MR sendi ekstremitas atas nonkontras,Radiologi,Permintaan & Hasil,bag2/MRI - MRA
36374-7,MR Upper extremity.joint WO and W contrast IV,MR sendi ekstremitas atas nonkontras diikuti dengan kontras IV,Radiologi,Permintaan & Hasil,bag2/MRI - MRA
69210-3,MR Lower Extremity Joint Arthrogram,MR sendi ekstremitas bawah arthrogram,Radiologi,Permintaan & Hasil,bag2/MRI - MRA
36213-7,MR Lower Extremity Joint W contrast IV,MR sendi ekstremitas bawah dengan kontras IV,Radiologi,Permintaan & Hasil,bag2/MRI - MRA
36497-6,MR Lower Extremity Joint WO contrast,MR sendi ekstremitas bawah nonkontras,Radiologi,Permintaan & Hasil,bag2/MRI - MRA
36371-3,MR Lower Extremity Joint WO and W contrast IV,MR sendi ekstremitas bawah nonkontras diikuti dengan kontras IV,Radiologi,Permintaan & Hasil,bag2/MRI - MRA
36022-2,MR Hip - right,MR sendi panggul (hip) - 1 sendi kanan dengan kontras IV,Radiologi,Permintaan & Hasil,bag2/MRI - MRA
36020-6,MR Hip - left,MR sendi panggul (hip) - 1 sendi kiri dengan kontras IV,Radiologi,Permintaan & Hasil,bag2/MRI - MRA
30687-8,MR Hip WO contrast,MR sendi panggul (hip) - 1 sendi nonkontras,Radiologi,Permintaan & Hasil,bag2/MRI - MRA
36202-0,MR Hip - bilateral W contrast IV,MR sendi panggul bilateral (hip bilateral) dengan kontras IV,Radiologi,Permintaan & Hasil,bag2/MRI - MRA
36486-9,MR Hip - bilateral WO contrast,MR sendi panggul bilateral (hip bilateral) nonkontras,Radiologi,Permintaan & Hasil,bag2/MRI - MRA
36218-6,MR Sacroiliac Joint W contrast IV,MR sendi sakroiliaka dengan kontras IV,Radiologi,Permintaan & Hasil,bag2/MRI - MRA
36502-3,MR Sacroiliac Joint WO contrast,MR sendi sakroiliaka nonkontras,Radiologi,Permintaan & Hasil,bag2/MRI - MRA
24999-5,MR Temporomandibular joint,MR sendi temporomandibula,Radiologi,Permintaan & Hasil,bag2/MRI - MRA
24915-1,MR Sinuses W contrast IV,MR sinus paranasal dengan kontras IV,Radiologi,Permintaan & Hasil,bag2/MRI - MRA
24915-1,MR Sinuses W contrast IV,MR sinus paranasal dengan kontras IV,Radiologi,Permintaan & Hasil,bag2/MRI - MRA
30662-1,MR Sinuses WO contrast,MR sinus paranasal nonkontras,Radiologi,Permintaan & Hasil,bag2/MRI - MRA
30662-1,MR Sinuses WO contrast,MR sinus paranasal nonkontras,Radiologi,Permintaan & Hasil,bag2/MRI - MRA
37443-9,MR spectroscopy Unspecified body region,MR spectroscopy mammae dengan kontras,Radiologi,Permintaan & Hasil,bag2/MRI - MRA
37443-9,MR spectroscopy Unspecified body region,MR spectroscopy mammae nonkontras,Radiologi,Permintaan & Hasil,bag2/MRI - MRA
37443-9,MR spectroscopy Unspecified body region,MR spectroscopy prostat,Radiologi,Permintaan & Hasil,bag2/MRI - MRA
37443-9,MR spectroscopy Unspecified body region,MR spektroscopy,Radiologi,Permintaan & Hasil,bag2/MRI - MRA
37244-1,MR Temporomandibular joint W contrast IV,MR tempora mandibula joint (TMJ) dengan kontras IV,Radiologi,Permintaan & Hasil,bag2/MRI - MRA
37284-7,MR Temporomandibular joint WO contrast,MR tempora mandibula joint (TMJ) nonkontras,Radiologi,Permintaan & Hasil,bag2/MRI - MRA
37244-1,MR Temporomandibular joint W contrast IV,MR temporo mandibula dengan kontras IV,Radiologi,Permintaan & Hasil,bag2/MRI - MRA
37284-7,MR Temporomandibular joint WO contrast,MR temporo mandibula nonkontras,Radiologi,Permintaan & Hasil,bag2/MRI - MRA
36156-8,MR Chest W contrast IV,MR thoraks dengan kontras IV,Radiologi,Permintaan & Hasil,bag2/MRI - MRA
36442-2,MR Chest WO contrast,MR thoraks nonkontras,Radiologi,Permintaan & Hasil,bag2/MRI - MRA
36442-2,MR Chest WO contrast,MR thorax nonkontras,Radiologi,Permintaan & Hasil,bag2/MRI - MRA
36237-6,MR Pelvis W contrast IV,MR tulang pelvis dengan kontras IV,Radiologi,Permintaan & Hasil,bag2/MRI - MRA
30673-8,MR Pelvis WO contrast,MR tulang pelvis nonkontras,Radiologi,Permintaan & Hasil,bag2/MRI - MRA
36504-9,MR Kidney - bilateral WO contrast,MR urografi nonkontras,Radiologi,Permintaan & Hasil,bag2/MRI - MRA
48447-7,MR Cervical spine W contrast IT,MR vertebra cervical dengan kontras IT,Radiologi,Permintaan & Hasil,bag2/MRI - MRA
24938-3,MR Cervical spine W contrast IV,MR vertebra cervical dengan kontras IV,Radiologi,Permintaan & Hasil,bag2/MRI - MRA
30667-0,MR Cervical spine WO contrast,MR vertebra cervical nonkontras,Radiologi,Permintaan & Hasil,bag2/MRI - MRA
30667-0,MR Cervical spine WO contrast,MR vertebra cervical nonkontras,Radiologi,Permintaan & Hasil,bag2/MRI - MRA
48450-1,MR Cervical spine WO and W contrast IT,MR vertebra cervical nonkontras diikuti dengan kontras IT,Radiologi,Permintaan & Hasil,bag2/MRI - MRA
24937-5,MR Cervical spine WO and W contrast IV,MR vertebra cervical nonkontras diikuti dengan kontras IV,Radiologi,Permintaan & Hasil,bag2/MRI - MRA
89284-4,MR Cervical and thoracic spine W contrast IV,MR vertebra cervikal + thoracal dengan kontras IV,Radiologi,Permintaan & Hasil,bag2/MRI - MRA
24938-3,MR Cervical spine W contrast IV,MR vertebra cervikal dengan kontras IV,Radiologi,Permintaan & Hasil,bag2/MRI - MRA
91561-1,MR Cervical and thoracic and lumbar spine W contrast IV,MR vertebra lengkap (wholespine) dengan kontras IV,Radiologi,Permintaan & Hasil,bag2/MRI - MRA
30854-4,MR Cervical and thoracic and lumbar spine WO contrast,MR vertebra lengkap (wholespine) nonkontras,Radiologi,Permintaan & Hasil,bag2/MRI - MRA
48436-0,MR Lumbar spine W contrast IT,MR vertebra lumbal dengan kontras IT,Radiologi,Permintaan & Hasil,bag2/MRI - MRA
30678-7,MR Lumbar spine W contrast IV,MR vertebra lumbal dengan kontras IV,Radiologi,Permintaan & Hasil,bag2/MRI - MRA
30678-7,MR Lumbar spine W contrast IV,MR vertebra lumbal dengan kontras IV,Radiologi,Permintaan & Hasil,bag2/MRI - MRA
30679-5,MR Lumbar spine WO contrast,MR vertebra lumbal nonkontras,Radiologi,Permintaan & Hasil,bag2/MRI - MRA
30679-5,MR Lumbar spine WO contrast,MR vertebra lumbal nonkontras,Radiologi,Permintaan & Hasil,bag2/MRI - MRA
48452-7,MR Lumbar spine WO and W contrast IT,MR vertebra lumbal nonkontras diikuti dengan kontras IT,Radiologi,Permintaan & Hasil,bag2/MRI - MRA
24967-2,MR Lumbar spine WO and W contrast IV,MR vertebra lumbal nonkontras diikuti dengan kontras IV,Radiologi,Permintaan & Hasil,bag2/MRI - MRA
48439-4,MR Thoracic spine W contrast IT,MR vertebra thoracal dengan kontras IT,Radiologi,Permintaan & Hasil,bag2/MRI - MRA
24982-1,MR Thoracic spine W contrast IV,MR vertebra thoracal dengan kontras IV,Radiologi,Permintaan & Hasil,bag2/MRI - MRA
24982-1,MR Thoracic spine W contrast IV,MR vertebra thoracal dengan kontras IV,Radiologi,Permintaan & Hasil,bag2/MRI - MRA
36532-0,MR Thoracic spine WO contrast,MR vertebra thoracal nonkontras,Radiologi,Permintaan & Hasil,bag2/MRI - MRA
36532-0,MR Thoracic spine WO contrast,MR vertebra thoracal nonkontras,Radiologi,Permintaan & Hasil,bag2/MRI - MRA
48441-0,MR Thoracic spine WO and W contrast IT,MR vertebra thoracal nonkontras diikuti dengan kontras IT,Radiologi,Permintaan & Hasil,bag2/MRI - MRA
24981-3,MR Thoracic spine WO and W contrast IV,MR vertebra thoracal nonkontras diikuti dengan kontras IV,Radiologi,Permintaan & Hasil,bag2/MRI - MRA
94088-2,MR Thoracic and lumbar spine WO and W contrast,MR vertebra thoracolumbal nonkontras diikuti dengan kontras,Radiologi,Permintaan & Hasil,bag2/MRI - MRA
38061-8,MR Spine Cervical and Spine Thoracic and Spine Lumbar and Sacrum W contrast IV,MR whole spine nonkontras,Radiologi,Permintaan & Hasil,bag2/MRI - MRA
36791-2,MRA Abdominal vessels,MRA abdomen,Radiologi,Permintaan & Hasil,bag2/MRI - MRA
24533-2,MRA Abdominal vessels W contrast IV,MRA abdomen dengan kontras IV,Radiologi,Permintaan & Hasil,bag2/MRI - MRA
36878-7,MRA Abdominal vessels WO contrast,MRA abdomen nonkontras,Radiologi,Permintaan & Hasil,bag2/MRI - MRA
36855-5,MRA Abdominal vessels WO and W contrast IV,MRA abdomen nonkontras diikuti dengan kontras IV,Radiologi,Permintaan & Hasil,bag2/MRI - MRA
36272-3,MRA Abdominal Aorta WO and W contrast IV,MRA aorta abdominalis dengan kontras,Radiologi,Permintaan & Hasil,bag2/MRI - MRA
36432-3,MRA Abdominal Aorta WO contrast,MRA aorta abdominalis nonkontras,Radiologi,Permintaan & Hasil,bag2/MRI - MRA
36432-3,MRA Abdominal Aorta WO contrast,MRA aorta abdominalis nonkontras,Radiologi,Permintaan & Hasil,bag2/MRI - MRA
36272-3,MRA Abdominal Aorta WO and W contrast IV,MRA aorta abdominalis nonkontras diikuti dengan kontras IV,Radiologi,Permintaan & Hasil,bag2/MRI - MRA
80502-8,MRA Abdominal Aorta and Bilateral Runoff Vessels WO and W contrast IV,MRA aorta abdominalis nonkontras diikuti dengan kontras IV bilateral,Radiologi,Permintaan & Hasil,bag2/MRI - MRA
36433-1,MRA Thoracic and abdominal aorta WO and W contrast IV,MRA aorta lengkap (Arkus Aorta s/d Bifurkasio) dengan kontras,Radiologi,Permintaan & Hasil,bag2/MRI - MRA
36433-1,MRA Thoracic Aorta WO contrast,MRA aorta lengkap (arkus aorta s/d bifurkasio) nonkontras,Radiologi,Permintaan & Hasil,bag2/MRI - MRA
99609-0,MRA Thoracic Aorta W contrast IV,MRA aorta thoracalis dengan kontras IV,Radiologi,Permintaan & Hasil,bag2/MRI - MRA
36433-1,MRA Thoracic Aorta WO contrast,MRA aorta thoracalis nonkontras,Radiologi,Permintaan & Hasil,bag2/MRI - MRA
36433-1,MRA Thoracic Aorta WO contrast,MRA aorta torakalis nonkontras,Radiologi,Permintaan & Hasil,bag2/MRI - MRA
24593-6,MRA Head vessels W contrast IV,MRA brain dengan kontras IV,Radiologi,Permintaan & Hasil,bag2/MRI - MRA
36881-1,MRA Head vessels WO contrast,MRA brain nonkontras,Radiologi,Permintaan & Hasil,bag2/MRI - MRA
30859-3,MRA Carotid vessels and Neck vessels,MRA carotis dengan kontras,Radiologi,Permintaan & Hasil,bag2/MRI - MRA
30859-3,MRA Carotid vessels and Neck vessels,MRA carotis nonkontras,Radiologi,Permintaan & Hasil,bag2/MRI - MRA
36084-2,MRA Upper extremity vessels,MRA ekstremitas atas,Radiologi,Permintaan & Hasil,bag2/MRI - MRA
36422-4,MRA Upper extremity vessels WO and W contrast IV,MRA ekstremitas atas nonkontras diikuti dengan kontras IV,Radiologi,Permintaan & Hasil,bag2/MRI - MRA
30874-2,MRA Lower extremity vessels,MRA ekstremitas bawah,Radiologi,Permintaan & Hasil,bag2/MRI - MRA
46324-0,MRA Lower extremity vessels W contrast IV,MRA ekstremitas bawah dengan kontras,Radiologi,Permintaan & Hasil,bag2/MRI - MRA
44128-7,MRA Lower extremity vessels WO and W contrast IV,MRA ekstremitas bawah nonkontras diikuti dengan kontras IV,Radiologi,Permintaan & Hasil,bag2/MRI - MRA
30874-2,MRA Lower extremity vessels,MRA ekstremitas inferior nonkontras,Radiologi,Permintaan & Hasil,bag2/MRI - MRA
35974-5,MRA Lower extremity vessels - bilateral,MRA ekstremitas inferior nonkontras bilateral,Radiologi,Permintaan & Hasil,bag2/MRI - MRA
36084-2,MRA Upper extremity vessels,MRA ekstremitas superior nonkontras,Radiologi,Permintaan & Hasil,bag2/MRI - MRA
24549-8,MRA Upper extremity vessels W contrast IV,MRA extremitas atas dengan kontras,Radiologi,Permintaan & Hasil,bag2/MRI - MRA
30859-3,MRA Carotid vessels and Neck vessels,MRA karotis nonkontras,Radiologi,Permintaan & Hasil,bag2/MRI - MRA
24593-6,MRA Head vessels W contrast IV,MRA kepala dengan kontras IV,Radiologi,Permintaan & Hasil,bag2/MRI - MRA
36881-1,MRA Head vessels WO contrast,MRA kepala nonkontras,Radiologi,Permintaan & Hasil,bag2/MRI - MRA
36857-1,MRA Head vessels WO and W contrast IV,MRA kepala nonkontras diikuti dengan kontras IV,Radiologi,Permintaan & Hasil,bag2/MRI - MRA
24844-3,MRA Neck vessels W contrast IV,MRA leher dengan kontras IV,Radiologi,Permintaan & Hasil,bag2/MRI - MRA
36549-4,MRA Neck vessels WO contrast,MRA leher nonkontras,Radiologi,Permintaan & Hasil,bag2/MRI - MRA
36423-2,MRA Neck vessels WO and W contrast IV,MRA leher nonkontras diikuti dengan kontras IV,Radiologi,Permintaan & Hasil,bag2/MRI - MRA
36881-1,MRA Head vessels WO contrast,MRA otak nonkontras,Radiologi,Permintaan & Hasil,bag2/MRI - MRA
30867-6,MRA Pelvis vessels,MRA pelvis,Radiologi,Permintaan & Hasil,bag2/MRI - MRA
24873-2,MRA Pelvis vessels W contrast IV,MRA pelvis dengan kontras IV,Radiologi,Permintaan & Hasil,bag2/MRI - MRA
36883-7,MRA Pelvis vessels WO contrast,MRA pelvis nonkontras,Radiologi,Permintaan & Hasil,bag2/MRI - MRA
36863-9,MRA Pelvis vessels WO and W contrast IV,MRA pelvis nonkontras diikuti dengan kontras IV,Radiologi,Permintaan & Hasil,bag2/MRI - MRA
36803-5,MRA Pulmonary vessels,MRA pulmonal artery nonkontras,Radiologi,Permintaan & Hasil,bag2/MRI - MRA
37500-6,MRA Spine vessels W contrast IV,MRA spinal dengan kontras,Radiologi,Permintaan & Hasil,bag2/MRI - MRA
30862-7,MRA Chest vessels,MRA thorax,Radiologi,Permintaan & Hasil,bag2/MRI - MRA
24659-5,MRA Chest vessels W contrast IV,MRA thorax dengan kontras IV,Radiologi,Permintaan & Hasil,bag2/MRI - MRA
36547-8,MRA Chest vessels WO contrast,MRA thorax nonkontras,Radiologi,Permintaan & Hasil,bag2/MRI - MRA
37497-5,MRA Spine vessels,MRA vertebra,Radiologi,Permintaan & Hasil,bag2/MRI - MRA
37506-3,MRA Cervical spine vessels WO and W contrast IV,MRA vertebra cervical nonkontras diikuti dengan kontras IV,Radiologi,Permintaan & Hasil,bag2/MRI - MRA
37500-6,MRA Spine vessels W contrast IV,MRA vertebra dengan kontras IV,Radiologi,Permintaan & Hasil,bag2/MRI - MRA
37507-1,MRA Lumbar spine vessels WO and W contrast IV,MRA vertebra lumbar nonkontras diikuti dengan kontras IV,Radiologi,Permintaan & Hasil,bag2/MRI - MRA
37510-5,MRA Spine vessels WO contrast,MRA vertebra nonkontras,Radiologi,Permintaan & Hasil,bag2/MRI - MRA
37505-5,MRA Spine vessels WO and W contrast IV,MRA vertebra nonkontras diikuti dengan kontras IV,Radiologi,Permintaan & Hasil,bag2/MRI - MRA
49565-5,MRA Thoracic spine vessels,MRA vertebra thoracal,Radiologi,Permintaan & Hasil,bag2/MRI - MRA
37503-0,MRA Thoracic spine vessels W contrast IV,MRA vertebra thoracal dengan kontras IV,Radiologi,Permintaan & Hasil,bag2/MRI - MRA
37512-1,MRA Thoracic spine vessels WO contrast,MRA vertebra thoracal nonkontras,Radiologi,Permintaan & Hasil,bag2/MRI - MRA
37508-9,MRA Thoracic spine vessels WO and W contrast IV,MRA vertebra thoracal nonkontras diikuti dengan kontras IV,Radiologi,Permintaan & Hasil,bag2/MRI - MRA
44131-1,MRA Thoracic and abdominal aorta WO and W contrast IV,MRA whole aorta dengan kontras IV,Radiologi,Permintaan & Hasil,bag2/MRI - MRA
44132-9,MRA Thoracic and abdominal aorta WO contrast,MRA whole aorta nonkontras,Radiologi,Permintaan & Hasil,bag2/MRI - MRA
58740-2,MRCP Abdomen WO contrast,MRCP abdomen atas nonkontras,Radiologi,Permintaan & Hasil,bag2/MRI - MRA
72248-8,MRCP Abdomen WO and W contrast IV,MRCP abdomen atas nonkontras diikuti dengan kontras IV,Radiologi,Permintaan & Hasil,bag2/MRI - MRA
58740-2,MRCP Abdomen WO contrast,MRCP abdomen nonkontras,Radiologi,Permintaan & Hasil,bag2/MRI - MRA
72248-8,MRCP Abdomen WO and W contrast IV,MRCP abdomen nonkontras diikuti dengan kontras IV,Radiologi,Permintaan & Hasil,bag2/MRI - MRA
36626-0,MG Breast - bilateral Views,MG bilateral,Radiologi,Permintaan & Hasil,bag2/US-MG
39148-2,MG Breast duct Views W contrast intra multiple ducts,MG duktogram dengan kontras ID lebih dari satu duktus payudara,Radiologi,Permintaan & Hasil,bag2/US-MG
39054-2,MG Breast duct Views W contrast intra duct,MG duktogram dengan kontras ID satu duktus payudara,Radiologi,Permintaan & Hasil,bag2/US-MG
24603-3,MG stereo Guidance for biopsy of Breast,MG guidance stereotaktik untuk biopsi payudara atau penempatan jarum,Radiologi,Permintaan & Hasil,bag2/US-MG
24602-5,MG Guidance for biopsy of Breast,MG guidance untuk biopsi payudara atau penempatan jarum,Radiologi,Permintaan & Hasil,bag2/US-MG
48735-5,MG Guidance for localization of Breast,MG guidance wire,Radiologi,Permintaan & Hasil,bag2/US-MG
37774-7,MG Breast - right Views,MG kanan,Radiologi,Permintaan & Hasil,bag2/US-MG
36627-8,MG Breast - left Views,MG kiri,Radiologi,Permintaan & Hasil,bag2/US-MG
26175-0,MG Breast - bilateral Screening,MG skrining bilateral,Radiologi,Permintaan & Hasil,bag2/US-MG
46338-0,MG Breast - unilateral Single view,MG unilateral,Radiologi,Permintaan & Hasil,bag2/US-MG
24558-9,US Abdomen,US abdomen,Radiologi,Permintaan & Hasil,bag2/US-MG
24558-9,US Abdomen,US abdomen atas,Radiologi,Permintaan & Hasil,bag2/US-MG
24558-9,US Abdomen,US abdomen atas dan bawah,Radiologi,Permintaan & Hasil,bag2/US-MG
24558-9,US Abdomen,US abdomen bawah,Radiologi,Permintaan & Hasil,bag2/US-MG
30709-0,US Lower extremity,US ankle,Radiologi,Permintaan & Hasil,bag2/US-MG
38013-9,US Lower extremity - bilateral,US ankle bilateral,Radiologi,Permintaan & Hasil,bag2/US-MG
24548-0,US Appendix,US appendiks,Radiologi,Permintaan & Hasil,bag2/US-MG
38130-1,US Lower extremity artery - bilateral,US arteri ekstremitas inferior bilateral,Radiologi,Permintaan & Hasil,bag2/US-MG
41815-2,US Lower extremity artery - right,US arteri ekstremitas inferior kanan,Radiologi,Permintaan & Hasil,bag2/US-MG
41834-3,US Lower extremity artery - left,US arteri ekstremitas inferior kiri,Radiologi,Permintaan & Hasil,bag2/US-MG
38014-7,US Upper extremity artery - bilateral,US arteri ekstremitas superior bilateral,Radiologi,Permintaan & Hasil,bag2/US-MG
41814-5,US Upper extremity artery - right,US arteri ekstremitas superior kanan,Radiologi,Permintaan & Hasil,bag2/US-MG
41833-5,US Upper extremity artery - left,US arteri ekstremitas superior kiri,Radiologi,Permintaan & Hasil,bag2/US-MG
80852-7,US Axilla,US axilla,Radiologi,Permintaan & Hasil,bag2/US-MG
72528-3,US Axilla - right,US axilla Kanan,Radiologi,Permintaan & Hasil,bag2/US-MG
72529-1,US Axilla - left,US axilla Kiri,Radiologi,Permintaan & Hasil,bag2/US-MG
24907-8,US Shoulder,US bahu,Radiologi,Permintaan & Hasil,bag2/US-MG
26265-9,US Shoulder - bilateral,US bahu bilateral,Radiologi,Permintaan & Hasil,bag2/US-MG
24760-1,US Hip,US coxae,Radiologi,Permintaan & Hasil,bag2/US-MG
81164-6,US Pediatric limited Hip - bilateral,US coxae bayi bilateral,Radiologi,Permintaan & Hasil,bag2/US-MG
24672-8,US Diaphragm for motion,US diafragma,Radiologi,Permintaan & Hasil,bag2/US-MG
39448-6,US.doppler Upper extremity vessels,US doppler akses dialisis,Radiologi,Permintaan & Hasil,bag2/US-MG
94681-4,US.doppler Thoracic and Abdominal Aorta and Inferior Vena Cava and Illiac vessels,US doppler aorta abdominal,Radiologi,Permintaan & Hasil,bag2/US-MG
94681-4,US.doppler Thoracic and Abdominal Aorta and Inferior Vena Cava and Illiac vessels,"US doppler aorta thoracal dan abdomen, vena cava inferior serta arteri iliaka",Radiologi,Permintaan & Hasil,bag2/US-MG
94680-6,US.doppler Thoracic and Abdominal Aorta and Inferior Vena Cava and Illiac vessels limited,"US doppler aorta thoracal dan abdomen, vena cava inferior serta arteri iliaka pemeriksaan terbatas",Radiologi,Permintaan & Hasil,bag2/US-MG
42146-1,US.doppler Carotid arteries,US doppler arteri carotis,Radiologi,Permintaan & Hasil,bag2/US-MG
80850-1,US.doppler Carotid arteries limited,US doppler arteri carotis pemeriksaan terbatas,Radiologi,Permintaan & Hasil,bag2/US-MG
44174-1,US.doppler Lower extremity vessels,US doppler arteri dan vena ekstremitas inferior,Radiologi,Permintaan & Hasil,bag2/US-MG
39422-1,US.doppler Lower extremity vessels - bilateral,US doppler arteri dan vena ekstremitas inferior bilateral,Radiologi,Permintaan & Hasil,bag2/US-MG
39448-6,US.doppler Upper extremity vessels,US doppler arteri dan vena ekstremitas superior,Radiologi,Permintaan & Hasil,bag2/US-MG
46379-4,US.doppler Upper extremity vessels - bilateral,US doppler arteri dan vena ekstremitas superior bilateral,Radiologi,Permintaan & Hasil,bag2/US-MG
39031-0,US.doppler Extremity artery - bilateral,US doppler arteri ekstermitas bilateral,Radiologi,Permintaan & Hasil,bag2/US-MG
39042-7,US.doppler Extremity artery,US doppler arteri ekstremitas,Radiologi,Permintaan & Hasil,bag2/US-MG
44237-6,US.doppler Upper extremity vessel - bilateral for graft limited,US doppler arteri ekstremitas atas atau grafting arteri bilateral,Radiologi,Permintaan & Hasil,bag2/US-MG
39423-9,US.doppler Upper extremity artery - bilateral,US doppler arteri ekstremitas atas bilateral,Radiologi,Permintaan & Hasil,bag2/US-MG
39506-1,US.doppler Upper extremity artery - right,US doppler arteri ekstremitas atas kanan,Radiologi,Permintaan & Hasil,bag2/US-MG
39500-4,US.doppler Upper extremity artery - left,US doppler arteri ekstremitas atas kiri,Radiologi,Permintaan & Hasil,bag2/US-MG
38143-4,US.doppler Upper extremity artery limited,US doppler arteri ekstremitas atas terbatas,Radiologi,Permintaan & Hasil,bag2/US-MG
42476-2,US.doppler Upper extremity vessel - right for graft,US doppler arteri ekstremitas atas untuk grafting arteri kanan,Radiologi,Permintaan & Hasil,bag2/US-MG
42475-4,US.doppler Upper extremity vessel - left for graft,US doppler arteri ekstremitas atas untuk grafting arteri kiri,Radiologi,Permintaan & Hasil,bag2/US-MG
39421-3,US.doppler Lower extremity artery - bilateral,US doppler arteri ekstremitas bawah bilateral lengkap,Radiologi,Permintaan & Hasil,bag2/US-MG
39505-3,US.doppler Lower extremity artery - right,US doppler arteri ekstremitas bawah kanan,Radiologi,Permintaan & Hasil,bag2/US-MG
39499-9,US.doppler Lower extremity artery - left,US doppler arteri ekstremitas bawah kiri,Radiologi,Permintaan & Hasil,bag2/US-MG
38042-8,US.doppler Lower extremity artery limited,US doppler arteri ekstremitas bawah terbatas,Radiologi,Permintaan & Hasil,bag2/US-MG
42462-2,US.doppler Lower extremity vessel - right for graft,US doppler arteri ekstremitas bawah untuk grafting arteri kanan,Radiologi,Permintaan & Hasil,bag2/US-MG
42461-4,US.doppler Lower extremity vessel - left for graft,US doppler arteri ekstremitas bawah untuk grafting arteri kiri,Radiologi,Permintaan & Hasil,bag2/US-MG
24733-8,US.doppler Head vessels,US doppler arteri intra kranial pemeriksaan lengkap,Radiologi,Permintaan & Hasil,bag2/US-MG
39044-3,US.doppler Head vessels limited,US doppler arteri intra kranial pemeriksaan terbatas,Radiologi,Permintaan & Hasil,bag2/US-MG
43765-7,US.doppler Carotid arteries - bilateral,US doppler carotis bilateral,Radiologi,Permintaan & Hasil,bag2/US-MG
39437-9,US.doppler Carotid arteries -right,US doppler carotis kanan,Radiologi,Permintaan & Hasil,bag2/US-MG
39427-0,US.doppler Carotid arteries - left,US doppler carotis kiri,Radiologi,Permintaan & Hasil,bag2/US-MG
80859-2,US.doppler Heart,US doppler echocardiografi,Radiologi,Permintaan & Hasil,bag2/US-MG
39502-0,US.doppler Ovarian vessels,US doppler ginekologi,Radiologi,Permintaan & Hasil,bag2/US-MG
24870-8,US.doppler Pelvis vessels,US doppler ginekologi,Radiologi,Permintaan & Hasil,bag2/US-MG
80872-5,US.doppler Uterus and Fallopian tubes W saline IU,US doppler ginekologi,Radiologi,Permintaan & Hasil,bag2/US-MG
81160-4,US.doppler Pediatric limited Head,US doppler kepala anak,Radiologi,Permintaan & Hasil,bag2/US-MG
80864-2,US.doppler for pregnancy,US doppler obstetri,Radiologi,Permintaan & Hasil,bag2/US-MG
24534-0,US.doppler Abdominal vessels,US doppler pembuluh darah abdomen,Radiologi,Permintaan & Hasil,bag2/US-MG
24534-0,US.doppler Abdominal vessels,US doppler pembuluh darah abdomen atas,Radiologi,Permintaan & Hasil,bag2/US-MG
39426-2,US.doppler Renal vessels,US doppler pembuluh darah abdomen bawah (ginjal),Radiologi,Permintaan & Hasil,bag2/US-MG
24534-0,US.doppler Abdominal vessels,US doppler pembuluh darah abdomen lengkap,Radiologi,Permintaan & Hasil,bag2/US-MG
43572-7,US.doppler Abdominal vessels limited,US doppler pembuluh darah abdomen pemeriksaan terbatas,Radiologi,Permintaan & Hasil,bag2/US-MG
39442-9,US.doppler Lower extremity vessels - right,US doppler pembuluh darah ekstremitas bawah kanan,Radiologi,Permintaan & Hasil,bag2/US-MG
39431-2,US.doppler Lower extremity vessels - left,US doppler pembuluh darah ekstremitas bawah kiri,Radiologi,Permintaan & Hasil,bag2/US-MG
46379-4,US.doppler Upper extremity vessels - bilateral,US doppler pembuluh darah ekstremitas superior bilateral,Radiologi,Permintaan & Hasil,bag2/US-MG
39444-5,US.doppler Upper extremity vessels - right,US doppler pembuluh darah ekstremitas superior kanan,Radiologi,Permintaan & Hasil,bag2/US-MG
39433-8,US.doppler Upper extremity vessels - left,US doppler pembuluh darah ekstremitas superior kiri,Radiologi,Permintaan & Hasil,bag2/US-MG
39426-2,US.doppler Renal vessels,US doppler pembuluh darah ginjal dan renovascular,Radiologi,Permintaan & Hasil,bag2/US-MG
80859-2,US.doppler Heart,US doppler pembuluh darah jantimg,Radiologi,Permintaan & Hasil,bag2/US-MG
42152-9,US.doppler Pelvis vessels limited,US doppler pembuluh darah pelvis pemeriksaan terbatas,Radiologi,Permintaan & Hasil,bag2/US-MG
80874-1,US.doppler Penis vessels,US doppler pembuluh darah penis pemeriksaan lengkap,Radiologi,Permintaan & Hasil,bag2/US-MG
80873-3,US.doppler Penis limited,US doppler pembuluh darah penis pemeriksaan terbatas,Radiologi,Permintaan & Hasil,bag2/US-MG
39446-0,US.doppler Testicular vessels,US doppler pembuluh darah testis,Radiologi,Permintaan & Hasil,bag2/US-MG
48742-1,US.doppler Scrotum and testicle,US doppler skrotum,Radiologi,Permintaan & Hasil,bag2/US-MG
24733-8,US.doppler Head vessels,US doppler transcranial,Radiologi,Permintaan & Hasil,bag2/US-MG
80872-5,US.doppler Uterus and Fallopian tubes W saline IU,US doppler untuk SIS (Saline Infusion Sonohysterography),Radiologi,Permintaan & Hasil,bag2/US-MG
69284-8,US.doppler Portal vein and Hepatic vein,US doppler vaskular hepar,Radiologi,Permintaan & Hasil,bag2/US-MG
39449-4,US.doppler Extremity vein,US doppler vena ekstremitas,Radiologi,Permintaan & Hasil,bag2/US-MG
39507-9,US.doppler Upper extremity vein - right,US doppler vena ekstremitas atas kanan,Radiologi,Permintaan & Hasil,bag2/US-MG
39501-2,US.doppler Upper extremity vein - left,US doppler vena ekstremitas atas kiri,Radiologi,Permintaan & Hasil,bag2/US-MG
39418-9,US.doppler Extremity vein - bilateral,US doppler vena ekstremitas bilateral,Radiologi,Permintaan & Hasil,bag2/US-MG
69283-0,US.doppler Extremity veins - bilateral,US doppler vena ekstremitas bilateral lengkap,Radiologi,Permintaan & Hasil,bag2/US-MG
39440-3,US.doppler Extremity vein - right,US doppler vena ekstremitas kanan,Radiologi,Permintaan & Hasil,bag2/US-MG
39429-6,US.doppler Extremity vein - left,US doppler vena ekstremitas kiri,Radiologi,Permintaan & Hasil,bag2/US-MG
39443-7,US.doppler Lower extremity vein - right,US DVT (Deep Vein Thrombosis) kanan,Radiologi,Permintaan & Hasil,bag2/US-MG
39432-0,US.doppler Lower extremity vein - left,US DVT (Deep Vein Thrombosis) kiri,Radiologi,Permintaan & Hasil,bag2/US-MG
42148-7,US Heart,US echocardiografi dengan pemakaian zat kontras,Radiologi,Permintaan & Hasil,bag2/US-MG
85475-2,US Heart Transesophageal,US echocardiografi transesofagus,Radiologi,Permintaan & Hasil,bag2/US-MG
59281-6,US Heart Transthoracic,US echocardiografi transthorakal,Radiologi,Permintaan & Hasil,bag2/US-MG
24731-2,US Head,US ekoensefalografi B-scan,Radiologi,Permintaan & Hasil,bag2/US-MG
24693-4,US Extremity,US ekstremitas lengkap,Radiologi,Permintaan & Hasil,bag2/US-MG
39526-9,US Extremity limited,US ekstremitas terbatas,Radiologi,Permintaan & Hasil,bag2/US-MG
24711-4,US Gallbladder,US empedu,Radiologi,Permintaan & Hasil,bag2/US-MG
30704-1,US Abdomen limited,US FAST abdomen,Radiologi,Permintaan & Hasil,bag2/US-MG
33069-6,Fetal nuchal translucency measured by US,US fetal nuchal translucency,Radiologi,Hasil,bag2/US-MG
24881-5,US Popliteal space,US genu,Radiologi,Permintaan & Hasil,bag2/US-MG
38036-0,US Kidney,US ginjal,Radiologi,Permintaan & Hasil,bag2/US-MG
69402-6,US Kidney - bilateral and Urinary bladder,US ginjal dan saluran kemih,Radiologi,Permintaan & Hasil,bag2/US-MG
58743-6,US Guidance for ablation of tissue of Unspecified body region,US guidance ablasi leiomyomata uteri,Radiologi,Permintaan & Hasil,bag2/US-MG
25059-7,US Guidance for biopsy of Unspecified body region,US guidance biopsi atau pengeluaran cairan,Radiologi,Permintaan & Hasil,bag2/US-MG
80853-5,US Guidance for injection of Elbow,US guidance injeksi elbow,Radiologi,Permintaan & Hasil,bag2/US-MG
97396-6,US Guidance for injection of Elbow - bilateral,US guidance injeksi elbow bilateral,Radiologi,Permintaan & Hasil,bag2/US-MG
80882-4,US Guidance of Unspecified body region-- during surgery,US guidance intraoperasi,Radiologi,Permintaan & Hasil,bag2/US-MG
72536-6,US Guidance for vascular sclerotherapy of Extremity veins - bilateral,US guidance skleroterapi vena ekstremitas bilateral,Radiologi,Permintaan & Hasil,bag2/US-MG
72642-2,US Guidance for vascular sclerotherapy of Extremity veins - right,US guidance skleroterapi vena ekstremitas kanan,Radiologi,Permintaan & Hasil,bag2/US-MG
72643-0,US Guidance for vascular sclerotherapy of Extremity veins - left,US guidance skleroterapi vena ekstremitas kiri,Radiologi,Permintaan & Hasil,bag2/US-MG
39139-1,US Guidance for vascular access of Unspecified body region,US guidance untuk akses vaskular,Radiologi,Permintaan & Hasil,bag2/US-MG
24537-3,US Guidance for aspiration of amniotic fluid of Uterus,US guidance untuk amniosentesis,Radiologi,Permintaan & Hasil,bag2/US-MG
24662-9,US Guidance for fluid aspiration of Pleural space,US guidance untuk aspirasi cairan pada ruang pleura,Radiologi,Permintaan & Hasil,bag2/US-MG
39452-8,US Guidance for fluid aspiration of Ovary,US guidance untuk aspirasi sel telur,Radiologi,Permintaan & Hasil,bag2/US-MG
42463-0,US Guidance for biopsy of Endomyocardium,US guidance untuk biopsi endomiokardium,Radiologi,Permintaan & Hasil,bag2/US-MG
24816-1,US Guidance for biopsy of Liver,US guidance untuk biopsi hati,Radiologi,Permintaan & Hasil,bag2/US-MG
58743-6,US Guidance for ablation of tissue of Unspecified body region,US guidance untuk monitoring ablasi jaringan viseral,Radiologi,Permintaan & Hasil,bag2/US-MG
64993-9,US Guidance for placement of needle in Unspecified body region,"US guidance untuk pemasangan jarum (biopsi, aspirasi, injeksi, lokalisasi alat)",Radiologi,Permintaan & Hasil,bag2/US-MG
43487-8,US Guidance for placement of radiation therapy fields in Unspecified body region,US guidance untuk pemasangan lapang radiasi terapi,Radiologi,Permintaan & Hasil,bag2/US-MG
82124-9,US Guidance for radiation treatment of Unspecified body region,US guidance untuk pemasangan radioelemen interstisial,Radiologi,Permintaan & Hasil,bag2/US-MG
42140-4,US Guidance for placement of tube in Chest,US guidance untuk penempatan tube pada dada,Radiologi,Permintaan & Hasil,bag2/US-MG
39040-1,US AV fistula,US guidance untuk perbaikan kompresi pseudoaneurisma arteri atau fistula arteriovena,Radiologi,Permintaan & Hasil,bag2/US-MG
30703-3,US Guidance for fluid aspiration of Pericardial space,US guidance untuk perikardiosentesis,Radiologi,Permintaan & Hasil,bag2/US-MG
69400-0,US Guidance for chorionic villus sampling,US guidance untuk sampling vilus korion,Radiologi,Permintaan & Hasil,bag2/US-MG
69391-1,US Guidance for cordocentesis,US guidance untuk transfusi janin intrauterin atau kordosentesis,Radiologi,Permintaan & Hasil,bag2/US-MG
46285-3,US Guidance for core needle biopsy of Thyroid gland,US guided + core biopsy,Radiologi,Permintaan & Hasil,bag2/US-MG
38024-6,US Guidance for core needle biopsy of Unspecified body region,US guided + core biopsy,Radiologi,Permintaan & Hasil,bag2/US-MG
69279-8,US Guidance for core needle biopsy of Lymph node,US guided + core biopsy,Radiologi,Permintaan & Hasil,bag2/US-MG
30651-4,US Guidance for percutaneous biopsy.core needle of Breast,US guided + core biopsy,Radiologi,Permintaan & Hasil,bag2/US-MG
38023-8,US Guidance for percutaneous biopsy.core needle of Breast - left,US guided + core biopsy,Radiologi,Permintaan & Hasil,bag2/US-MG
38025-3,US Guidance for percutaneous biopsy.core needle of Breast - right,US guided + core biopsy,Radiologi,Permintaan & Hasil,bag2/US-MG
72537-4,US Guidance for vascular sclerotherapy of Extremity vein - bilateral,US guided + sclerotheraphy,Radiologi,Permintaan & Hasil,bag2/US-MG
72645-5,US Guidance for vascular sclerotherapy of Extremity vein - left,US guided + sclerotheraphy,Radiologi,Permintaan & Hasil,bag2/US-MG
72644-8,US Guidance for vascular sclerotherapy of Extremity vein - right,US guided + sclerotheraphy,Radiologi,Permintaan & Hasil,bag2/US-MG
69287-1,US Guidance for fluid aspiration of Lymph node,US guided apirasi limpa,Radiologi,Permintaan & Hasil,bag2/US-MG
30878-3,US Guidance for fluid aspiration of Unspecified body region,US guided aspirasi,Radiologi,Permintaan & Hasil,bag2/US-MG
43756-6,US Guidance for fluid aspiration of Breast,US guided aspirasi cairan mammae,Radiologi,Permintaan & Hasil,bag2/US-MG
30698-5,US Guidance for aspiration of cyst of Unspecified body region,US guided aspirasi kista,Radiologi,Permintaan & Hasil,bag2/US-MG
30653-0,US Guidance for aspiration of cyst of Breast,US guided aspirasi kista mammae,Radiologi,Permintaan & Hasil,bag2/US-MG
38133-5,US Guidance for aspiration of cyst of Pancreas,US guided aspirasi kista pankreas,Radiologi,Permintaan & Hasil,bag2/US-MG
42135-4,US Guidance for superficial biopsy of Bone,US guided biopsi tulang,Radiologi,Permintaan & Hasil,bag2/US-MG
43565-1,US Guidance for deep biopsy of Bone,US guided biopsi tulang,Radiologi,Permintaan & Hasil,bag2/US-MG
44172-5,US Guidance for drainage and placement of drainage catheter of Pancreas,US guided drainase & penempatan kateter di pankreas,Radiologi,Permintaan & Hasil,bag2/US-MG
38018-8,US Guidance for fine needle aspiration of Unspecified body region,US guided FNA (Fine Needle Aspiration ),Radiologi,Permintaan & Hasil,bag2/US-MG
44160-0,US Guidance for fine needle aspiration of Breast,US guided FNA mammae,Radiologi,Permintaan & Hasil,bag2/US-MG
44157-6,US Guidance for fine needle aspiration of Pancreas,US guided FNA pankreas,Radiologi,Permintaan & Hasil,bag2/US-MG
37914-9,US Guidance for biopsy of Breast,US guided for biopsy mammae,Radiologi,Permintaan & Hasil,bag2/US-MG
24600-9,US Guidance for needle localization of Breast,US guided for needle localization mammae,Radiologi,Permintaan & Hasil,bag2/US-MG
43759-0,US Guidance for localization of Breast - bilateral,US guided localization mammae,Radiologi,Permintaan & Hasil,bag2/US-MG
44169-1,US Guidance for drainage of abscess and placement of drainage catheter of Peritoneal space,US guided pungsi abses intraperitoneal,Radiologi,Permintaan & Hasil,bag2/US-MG
24559-7,US Guidance for drainage and placement of drainage catheter of Abdomen,US guided pungsi ascites,Radiologi,Permintaan & Hasil,bag2/US-MG
77615-3,Liver stiffness by US.transient elastography,US hepar + elastografi,Radiologi,Permintaan & Hasil,bag2/US-MG
81164-6,US Pediatric limited Hip - bilateral,US hip anak,Radiologi,Permintaan & Hasil,bag2/US-MG
24719-7,US Groin,US inguinal,Radiologi,Permintaan & Hasil,bag2/US-MG
80858-4,US Head and neck soft tissue,US jaringan lunak kepala dan leher,Radiologi,Permintaan & Hasil,bag2/US-MG
11525-3,US for pregnancy,US kehamilan,Radiologi,Permintaan & Hasil,bag2/US-MG
80834-5,US for multiple gestation pregnancy in first trimester,US kehamilan kembar trimester 1,Radiologi,Permintaan & Hasil,bag2/US-MG
80835-2,US transabdominal and transvaginal for multiple gestation pregnancy in first trimester,US kehamilan kembar trimester 1 (transabdominal dan transvaginal),Radiologi,Permintaan & Hasil,bag2/US-MG
80836-0,US for multiple gestation pregnancy in second or third trimester,US kehamilan kembar trimester 2 atau 3,Radiologi,Permintaan & Hasil,bag2/US-MG
80869-1,US for pregnancy in first trimester,US kehamilan tunggal trimester 1,Radiologi,Permintaan & Hasil,bag2/US-MG
80867-5,US transabdominal and transvaginal for pregnancy in first trimester,US kehamilan tunggal trimester 1 (transabdominal dan transvaginal),Radiologi,Permintaan & Hasil,bag2/US-MG
80866-7,US for pregnancy in second or third trimester,US kehamilan tunggal trimester 2 atau 3,Radiologi,Permintaan & Hasil,bag2/US-MG
81158-8,US Pediatric Head,US kepala anak,Radiologi,Permintaan & Hasil,bag2/US-MG
24842-7,US Neck,US leher,Radiologi,Permintaan & Hasil,bag2/US-MG
24842-7,US Neck,US leher lengkap,Radiologi,Permintaan & Hasil,bag2/US-MG
30710-8,US Upper extremity,US lengan,Radiologi,Permintaan & Hasil,bag2/US-MG
28614-6,US Liver,US liver,Radiologi,Permintaan & Hasil,bag2/US-MG
24601-7,US Breast,US mammae,Radiologi,Permintaan & Hasil,bag2/US-MG
99827-8,US.elastography Breast,US mammae + elastografi,Radiologi,Permintaan & Hasil,bag2/US-MG
30853-6,US Breast duct W contrast intra duct,US mammae dengan kontras intraduktal,Radiologi,Permintaan & Hasil,bag2/US-MG
98035-9,US Eye,US mata,Radiologi,Permintaan & Hasil,bag2/US-MG
99826-0,US.A-scan Eye,US mata A-scan,Radiologi,Permintaan & Hasil,bag2/US-MG
37608-7,US Guidance for localization of foreign body of Eye,US mata lokalisasi benda asing,Radiologi,Permintaan & Hasil,bag2/US-MG
80855-0,US Extremity musculoskeletal tissue,US muskuloskeletal,Radiologi,Permintaan & Hasil,bag2/US-MG
80855-0,US Extremity musculoskeletal tissue,US muskuloskeletal bilateral,Radiologi,Permintaan & Hasil,bag2/US-MG
38048-5,US Femur - right,US muskuloskeletal trochanter kanan,Radiologi,Permintaan & Hasil,bag2/US-MG
38037-8,US Femur - left,US muskuloskeletal trochanter sinistra,Radiologi,Permintaan & Hasil,bag2/US-MG
42455-6,US Pelvis transabdominal and transvaginal,US obstetri ginekologi 2 dimensi,Radiologi,Permintaan & Hasil,bag2/US-MG
24859-1,US Pancreas,US pankreas,Radiologi,Permintaan & Hasil,bag2/US-MG
38138-4,US Parotid gland,US parotid,Radiologi,Permintaan & Hasil,bag2/US-MG
92678-2,US.elastography Lung,US paru + elastografi,Radiologi,Permintaan & Hasil,bag2/US-MG
24869-0,US Pelvis,US pelvis,Radiologi,Permintaan & Hasil,bag2/US-MG
24869-0,US Pelvis,US pelvis (nonobstetrik) lengkap,Radiologi,Permintaan & Hasil,bag2/US-MG
38046-9,US Pelvis limited,US pelvis (nonobstetrik) terbatas,Radiologi,Permintaan & Hasil,bag2/US-MG
39422-1,US.doppler Lower extremity vessels - bilateral,US pembuluh darah ekstremitas inferior bilateral,Radiologi,Permintaan & Hasil,bag2/US-MG
38140-0,US Penis,US penis,Radiologi,Permintaan & Hasil,bag2/US-MG
30709-0,US Lower extremity,US plantar pedis,Radiologi,Permintaan & Hasil,bag2/US-MG
44163-4,US Brachial plexus,US plexus brachialis,Radiologi,Permintaan & Hasil,bag2/US-MG
48770-2,Fetal Biophysical profile panel US,US profil biofisik janin,Radiologi,Permintaan,bag2/US-MG
11630-1,Fetal Biophysical profile.amniotic fluid volume US,US profil biofisik janin amniotic fluid volume,Radiologi,Hasil,bag2/US-MG
11631-9,Fetal Biophysical profile.body movement US,US profil biofisik janin body movement,Radiologi,Hasil,bag2/US-MG
11632-7,Fetal Biophysical profile.breathing movement US,US profil biofisik janin breathing movement,Radiologi,Hasil,bag2/US-MG
11633-5,Fetal Heart rate reactivity US,US profil biofisik janin heart rate reactivity,Radiologi,Hasil,bag2/US-MG
11635-0,Fetal Biophysical profile.tone US,US profil biofisik janin tonus,Radiologi,Hasil,bag2/US-MG
24884-9,US Prostate transrectal,US prostat transrektal,Radiologi,Permintaan & Hasil,bag2/US-MG
39032-8,US for transplanted kidney,US renal hasil transplantasi,Radiologi,Permintaan & Hasil,bag2/US-MG
24531-6,US Retroperitoneum,US retroperitoneal B-scan lengkap,Radiologi,Permintaan & Hasil,bag2/US-MG
38047-7,US Retroperitoneum limited,US retroperitoneal B-scan terbatas,Radiologi,Permintaan & Hasil,bag2/US-MG
79374-5,US Abdominal Aorta for screening,US skrining aorta abdominal dengan B-scan,Radiologi,Permintaan & Hasil,bag2/US-MG
25002-7,US Scrotum and testicle,US skrotum dan testis,Radiologi,Permintaan & Hasil,bag2/US-MG
25002-7,US Scrotum and testicle,US testis,Radiologi,Permintaan & Hasil,bag2/US-MG
24630-6,US Chest,US thorax,Radiologi,Permintaan & Hasil,bag2/US-MG
24630-6,US Chest,US thorax B-scan,Radiologi,Permintaan & Hasil,bag2/US-MG
25010-0,US Thyroid gland,US thyroid,Radiologi,Permintaan & Hasil,bag2/US-MG
35093-4,Urology urinary tract ultrasound,US tractus urinarius,Radiologi,Permintaan,bag2/US-MG
80876-6,US Prostate transrectal for volume measurement,US transrektal prostat untuk pemeriksaan volume,Radiologi,Permintaan & Hasil,bag2/US-MG
24677-7,US Pelvis transvaginal,US transvaginal,Radiologi,Permintaan & Hasil,bag2/US-MG
46364-6,US Lower extremity vein - bilateral,US vena ekstremitas inferior bilateral,Radiologi,Permintaan & Hasil,bag2/US-MG
48691-0,US Lower extremity vein - right,US vena ekstremitas inferior kanan,Radiologi,Permintaan & Hasil,bag2/US-MG
48692-8,US Lower extremity vein - left,US vena ekstremitas inferior kiri,Radiologi,Permintaan & Hasil,bag2/US-MG
48690-2,US Upper extremity vein - bilateral,US vena ekstremitas superior bilateral,Radiologi,Permintaan & Hasil,bag2/US-MG
48688-6,US Upper extremity vein - right,US vena ekstremitas superior kanan,Radiologi,Permintaan & Hasil,bag2/US-MG
48689-4,US Upper extremity vein - left,US vena ekstremitas superior kiri,Radiologi,Permintaan & Hasil,bag2/US-MG
24926-8,US Spine,US vertebra,Radiologi,Permintaan & Hasil,bag2/US-MG
25036-5,US Wrist,US wrist,Radiologi,Permintaan & Hasil,bag2/US-MG
26278-2,US Wrist - bilateral,US wrist bilateral,Radiologi,Permintaan & Hasil,bag2/US-MG
83311-1,Bone density quantitative measurement by DXA panel,Bone mineral densitometry (BMD),Radiologi,Permintaan,bag2/BMD
24966-4,DXA Lumbar spine [Mass/Area] Bone density,Bone mineral densitometry (BMD) vertebra lumbal (g/cm2),Radiologi,Hasil,bag2/BMD
38267-1,DXA Lumbar spine [T-score] Bone density,Bone mineral densitometry (BMD) vertebra lumbal (T-score),Radiologi,Hasil,bag2/BMD
85394-5,DXA Lumbar spine [Z-score] Bone density,Bone mineral densitometry (BMD) vertebra lumbal (Z-score),Radiologi,Hasil,bag2/BMD
63520-1,PhenX - body composition by dual-energy x-ray absorptiometry protocol 020301,Bone mineral densitometry (BMD) total body composition WO kontras,Radiologi,Permintaan & Hasil,bag2/BMD
83014-1,DXA Skeletal system.axial Views for bone density and vertebral fracture,Bone mineral densitometry (BMD) tulang aksial dan fraktur vertebra,Radiologi,Permintaan & Hasil,bag2/BMD
83012-5,DXA Skeletal system.axial Views for bone density,Bone mineral densitometry (BMD) tulang axial,Radiologi,Permintaan & Hasil,bag2/BMD
83013-3,DXA Skeletal system.peripheral Views for bone density,Bone mineral densitometry (BMD) tulang periferal,Radiologi,Permintaan & Hasil,bag2/BMD
24890-6,DXA Radius and Ulna [Mass/Area] Bone density,Bone mineral densitometry (BMD) forearm (g/cm2),Radiologi,Hasil,bag2/BMD
38265-5,DXA Radius and Ulna [T-score] Bone density,Bone mineral densitometry (BMD) forearm (T-score),Radiologi,Hasil,bag2/BMD
80932-7,DXA Radius and Ulna [Z-score] Bone density,Bone mineral densitometry (BMD) forearm (Z-score),Radiologi,Permintaan & Hasil,bag2/BMD
80952-5,DXA Radius and Ulna - left [Mass/Area] Bone density,Bone mineral densitometry (BMD) forearm kiri (g/cm2),Radiologi,Permintaan & Hasil,bag2/BMD
80944-2,DXA Radius and Ulna - left [T-score] Bone density,Bone mineral densitometry (BMD) forearm kiri (T-score),Radiologi,Permintaan & Hasil,bag2/BMD
80936-8,DXA Radius and Ulna - left [Z-score] Bone density,Bone mineral densitometry (BMD) forearm kiri (Z-score),Radiologi,Permintaan & Hasil,bag2/BMD
80951-7,DXA Radius and Ulna - right [Mass/Area] Bone density,Bone mineral densitometry (BMD) forearm kanan (g/cm2),Radiologi,Permintaan & Hasil,bag2/BMD
80943-4,DXA Radius and Ulna - right [T-score] Bone density,Bone mineral densitometry (BMD) forearm kanan (T-score),Radiologi,Permintaan & Hasil,bag2/BMD
80935-0,DXA Radius and Ulna - right [Z-score] Bone density,Bone mineral densitometry (BMD) forearm kanan (Z-score),Radiologi,Permintaan & Hasil,bag2/BMD
38261-4,DXA Hip [Mass/Area] Bone density,Bone mineral densitometry (BMD) hip (g/cm2),Radiologi,Hasil,bag2/BMD
38264-8,DXA Hip [T-score] Bone density,Bone mineral densitometry (BMD) hip (T-score),Radiologi,Hasil,bag2/BMD
80933-5,DXA Hip [Z-score] Bone density,Bone mineral densitometry (BMD) hip (Z-score),Radiologi,Permintaan & Hasil,bag2/BMD
46279-6,DXA Hip - right [Mass/Area] Bone density,Bone mineral densitometry (BMD) hip kanan (g/cm2),Radiologi,Hasil,bag2/BMD
80945-9,DXA Hip - right [T-score] Bone density,Bone mineral densitometry (BMD) hip kanan (T-score),Radiologi,Permintaan & Hasil,bag2/BMD
80937-6,DXA Hip - right [Z-score] Bone density,Bone mineral densitometry (BMD) hip kanan (Z-score),Radiologi,Permintaan & Hasil,bag2/BMD
46278-8,DXA Hip - left [Mass/Area] Bone density,Bone mineral densitometry (BMD) hip kiri (g/cm2),Radiologi,Hasil,bag2/BMD
80946-7,DXA Hip - left [T-score] Bone density,Bone mineral densitometry (BMD) hip kiri (T-score),Radiologi,Permintaan & Hasil,bag2/BMD
80938-4,DXA Hip - left [Z-score] Bone density,Bone mineral densitometry (BMD) hip kiri (Z-score),Radiologi,Permintaan & Hasil,bag2/BMD
46383-6,DXA Bone [Mass/Area] Bone density,Bone mineral densitometry (BMD) bone,Radiologi,Permintaan & Hasil,bag2/BMD
24701-5,DXA Femur [Mass/Area] Bone density,Bone mineral densitometry (BMD) femur (g/cm2),Radiologi,Hasil,bag2/BMD
38263-0,DXA Femur [T-score] Bone density,Bone mineral densitometry (BMD) femur (T-score),Radiologi,Hasil,bag2/BMD
80934-3,DXA Femur [Z-score] Bone density,Bone mineral densitometry (BMD) femur (Z-score),Radiologi,Permintaan & Hasil,bag2/BMD
80954-1,DXA Femur - left [Mass/Area] Bone density,Bone mineral densitometry (BMD) femur kiri (g/cm2),Radiologi,Permintaan & Hasil,bag2/BMD
80948-3,DXA Femur - left [T-score] Bone density,Bone mineral densitometry (BMD) femur kiri (T-score),Radiologi,Permintaan & Hasil,bag2/BMD
80940-0,DXA Femur - left [Z-score] Bone density,Bone mineral densitometry (BMD) femur kiri (Z-score),Radiologi,Permintaan & Hasil,bag2/BMD
80953-3,DXA Femur - right [Mass/Area] Bone density,Bone mineral densitometry (BMD) femur kanan (g/cm2),Radiologi,Permintaan & Hasil,bag2/BMD
80947-5,DXA Femur - right [T-score] Bone density,Bone mineral densitometry (BMD) femur kanan (T-score),Radiologi,Permintaan & Hasil,bag2/BMD
80939-2,DXA Femur - right [Z-score] Bone density,Bone mineral densitometry (BMD) femur kanan (Z-score),Radiologi,Permintaan & Hasil,bag2/BMD
79103-8,CT Abdomen W contrast IV,CT abdomen atas dengan kontras IV,Radiologi,Permintaan & Hasil,bag2/CT - CTA
36424-0,CT Abdomen WO contrast,CT abdomen atas nonkontras,Radiologi,Permintaan & Hasil,bag2/CT - CTA
36813-4,CT Abdomen and Pelvis W contrast IV,CT abdomen dan pelvis dengan kontras IV,Radiologi,Permintaan & Hasil,bag2/CT - CTA
99610-8,CT Abdomen and Pelvis W contrast PO,CT abdomen dan pelvis dengan kontras PO,Radiologi,Permintaan & Hasil,bag2/CT - CTA
36952-0,CT Abdomen and Pelvis WO contrast,CT abdomen dan pelvis nonkontras,Radiologi,Permintaan & Hasil,bag2/CT - CTA
42274-1,CT Abdomen and Pelvis WO and W contrast IV,CT abdomen dan pelvis nonkontras diikuti dengan kontras IV,Radiologi,Permintaan & Hasil,bag2/CT - CTA
79103-8,CT Abdomen W contrast IV,CT abdomen dengan kontras IV,Radiologi,Permintaan & Hasil,bag2/CT - CTA
79103-8,CT Abdomen W contrast IV,CT abdomen lengkap dengan kontras multifase,Radiologi,Permintaan & Hasil,bag2/CT - CTA
36424-0,CT Abdomen WO contrast,CT abdomen nonkontras,Radiologi,Permintaan & Hasil,bag2/CT - CTA
36267-3,CT Abdomen WO and W contrast IV,CT abdomen tanpa kontras diikuti dengan kontras IV,Radiologi,Permintaan & Hasil,bag2/CT - CTA
69087-5,CT Ankle - bilateral WO contrast,CT ankle bilateral nonkontras,Radiologi,Permintaan & Hasil,bag2/CT - CTA
36135-2,CT Ankle W contrast IV,CT ankle dan pedis dengan kontras IV,Radiologi,Permintaan & Hasil,bag2/CT - CTA
36425-7,CT Ankle WO contrast,CT ankle dan pedis nonkontras,Radiologi,Permintaan & Hasil,bag2/CT - CTA
36425-7,CT Ankle WO contrast,CT ankle nonkontras,Radiologi,Permintaan & Hasil,bag2/CT - CTA
35998-4,CT Forearm - bilateral,CT antebrachi bilateral nonkontras,Radiologi,Permintaan & Hasil,bag2/CT - CTA
36185-7,CT Forearm W contrast IV,CT antebrachi dengan kontras IV,Radiologi,Permintaan & Hasil,bag2/CT - CTA
36472-9,CT Forearm WO contrast,CT antebrachi nonkontras,Radiologi,Permintaan & Hasil,bag2/CT - CTA
103877-7,CT Forearm - bilateral W contrast IV,CT antebrachi bilateral dengan kontras,Radiologi,Permintaan & Hasil,bag2/CT - CTA
103878-5,CT Forearm - bilateral WO contrast,CT antebrachi bilateral nonkontras,Radiologi,Permintaan & Hasil,bag2/CT - CTA
36189-9,CT Forearm - right W contrast IV,CT antebrachi kanan dengan kontras,Radiologi,Permintaan & Hasil,bag2/CT - CTA
36475-2,CT Forearm - right WO contrast,CT antebrachi kanan nonkontras,Radiologi,Permintaan & Hasil,bag2/CT - CTA
36187-3,CT Forearm - left W contrast IV,CT antebrachi kiri dengan kontras,Radiologi,Permintaan & Hasil,bag2/CT - CTA
36473-7,CT Forearm - left WO contrast,CT antebrachi kiri nonkontras,Radiologi,Permintaan & Hasil,bag2/CT - CTA
36143-6,CT Abdominal Aorta W contrast IV,CT aorta abdominalis dengan kontras IV,Radiologi,Permintaan & Hasil,bag2/CT - CTA
36142-8,CT Thoracic and abdominal aorta W contrast IV,CT aorta thorakalis dan abdominalis dengan kontras IV,Radiologi,Permintaan & Hasil,bag2/CT - CTA
24545-6,CT Thoracic Aorta W contrast IV,CT aorta thorakalis dengan kontras IV,Radiologi,Permintaan & Hasil,bag2/CT - CTA
36145-1,CT Appendix W contrast IV,CT appendicogram dengan kontras IV,Radiologi,Permintaan & Hasil,bag2/CT - CTA
86969-3,CT Shoulder - bilateral W contrast IV,CT bahu bilateral dengan kontras IV,Radiologi,Permintaan & Hasil,bag2/CT - CTA
69090-9,CT Shoulder - bilateral WO contrast,CT bahu bilateral nonkontras,Radiologi,Permintaan & Hasil,bag2/CT - CTA
36253-3,CT Shoulder - right W contrast IV,CT bahu kanan dengan kontras,Radiologi,Permintaan & Hasil,bag2/CT - CTA
36527-0,CT Shoulder - right WO contrast,CT bahu kanan nonkontras,Radiologi,Permintaan & Hasil,bag2/CT - CTA
36252-5,CT Shoulder - left W contrast IV,CT bahu kiri dengan kontras,Radiologi,Permintaan & Hasil,bag2/CT - CTA
36526-2,CT Shoulder - left WO contrast,CT bahu kiri nonkontras,Radiologi,Permintaan & Hasil,bag2/CT - CTA
36250-9,CT Shoulder W contrast IV,CT bahu kontras IV,Radiologi,Permintaan & Hasil,bag2/CT - CTA
36524-7,CT Shoulder WO contrast,CT bahu nonkontras,Radiologi,Permintaan & Hasil,bag2/CT - CTA
44229-3,CT Bone,CT bone,Radiologi,Permintaan & Hasil,bag2/CT - CTA
24734-6,CT Cerebral cisterns W contrast IT,CT cairan serebrospinal sisternografi dengan kontras IT,Radiologi,Permintaan & Hasil,bag2/CT - CTA
83289-9,CT for calcium scoring WO contrast and CTA W contrast IV Heart and coronary arteries,CT cardiac (calcium scoring dan angiografi coroner) dengan kontras,Radiologi,Permintaan & Hasil,bag2/CT - CTA
79087-3,CT Heart and Coronary arteries for calcium scoring WO contrast,CT cardiac (calcium scoring) nonkontras,Radiologi,Permintaan & Hasil,bag2/CT - CTA
79087-3,CT Heart and Coronary arteries for calcium scoring WO contrast,CT cardiac scoring,Radiologi,Permintaan & Hasil,bag2/CT - CTA
99633-0,Cone beam CT Teeth,CT cone beam (CBCT) gigi lengkap,Radiologi,Permintaan & Hasil,bag2/CT - CTA
99633-0,Cone beam CT Teeth,CT cone beam (CBCT) satu gigi,Radiologi,Permintaan & Hasil,bag2/CT - CTA
103866-0,CT Lower leg - bilateral W contrast IV,CT cruris bilateral dengan kontras,Radiologi,Permintaan & Hasil,bag2/CT - CTA
87879-3,CT Lower leg - bilateral WO contrast,CT cruris bilateral nonkontras,Radiologi,Permintaan & Hasil,bag2/CT - CTA
36258-2,CT Lower leg W contrast IV,CT cruris dengan kontras,Radiologi,Permintaan & Hasil,bag2/CT - CTA
36262-4,CT Lower leg - right W contrast IV,CT cruris kanan dengan kontras,Radiologi,Permintaan & Hasil,bag2/CT - CTA
36540-3,CT Lower leg - right WO contrast,CT cruris kanan nonkontras,Radiologi,Permintaan & Hasil,bag2/CT - CTA
36260-8,CT Lower leg - left W contrast IV,CT cruris kiri dengan kontras IV,Radiologi,Permintaan & Hasil,bag2/CT - CTA
36538-7,CT Lower leg - left WO contrast,CT cruris kiri nonkontras,Radiologi,Permintaan & Hasil,bag2/CT - CTA
36537-9,CT Lower leg WO contrast,CT cruris nonkontras,Radiologi,Permintaan & Hasil,bag2/CT - CTA
36447-1,CT Elbow - right WO contrast,CT cubiti nonkontras kanan,Radiologi,Permintaan & Hasil,bag2/CT - CTA
36444-8,CT Elbow - bilateral WO contrast,CT cubiti bilateral nonkontras,Radiologi,Permintaan & Hasil,bag2/CT - CTA
36157-6,CT Elbow W contrast IV,CT cubiti dengan kontras IV,Radiologi,Permintaan & Hasil,bag2/CT - CTA
36161-8,CT Elbow - right W contrast IV,CT cubiti kanan dengan kontras,Radiologi,Permintaan & Hasil,bag2/CT - CTA
36159-2,CT Elbow - left W contrast IV,CT cubiti kiri dengan kontras,Radiologi,Permintaan & Hasil,bag2/CT - CTA
36445-5,CT Elbow - left WO contrast,CT cubiti kiri nonkontras,Radiologi,Permintaan & Hasil,bag2/CT - CTA
36443-0,CT Elbow WO contrast,CT cubiti nonkontras,Radiologi,Permintaan & Hasil,bag2/CT - CTA
79094-9,CT Urinary bladder W contrast intra bladder,CT cystography,Radiologi,Permintaan & Hasil,bag2/CT - CTA
69095-8,CT Urinary bladder W contrast IV,CT cystography dengan kontras,Radiologi,Permintaan & Hasil,bag2/CT - CTA
30626-6,CT Upper extremity W contrast IV,CT ekstremitas atas dengan kontras IV,Radiologi,Permintaan & Hasil,bag2/CT - CTA
30627-4,CT Upper extremity WO contrast,CT ekstremitas atas nonkontras,Radiologi,Permintaan & Hasil,bag2/CT - CTA
36334-1,CT Upper extremity WO and W contrast IV,CT ekstremitas atas nonkontras diikuti dengan kontras IV,Radiologi,Permintaan & Hasil,bag2/CT - CTA
30624-1,CT Lower extremity W contrast IV,CT ekstremitas bawah dengan kontras IV,Radiologi,Permintaan & Hasil,bag2/CT - CTA
30625-8,CT Lower extremity WO contrast,CT ekstremitas bawah nonkontras,Radiologi,Permintaan & Hasil,bag2/CT - CTA
36288-9,CT Lower extremity WO and W contrast IV,CT ekstremitas bawah nonkontras diikuti dengan kontras IV,Radiologi,Permintaan & Hasil,bag2/CT - CTA
72250-4,CT Small bowel W contrast PO and W contrast IV,CT enterography dengan kontras,Radiologi,Permintaan & Hasil,bag2/CT - CTA
87880-1,CT Thigh - bilateral W contrast IV,CT femur bilateral dengan kontras IV,Radiologi,Permintaan & Hasil,bag2/CT - CTA
87881-9,CT Thigh - bilateral WO contrast,CT femur bilateral nonkontras,Radiologi,Permintaan & Hasil,bag2/CT - CTA
36172-5,CT Thigh W contrast IV,CT femur dengan kontras IV,Radiologi,Permintaan & Hasil,bag2/CT - CTA
36176-6,CT Thigh - right W contrast IV,CT femur kanan dengan kontras,Radiologi,Permintaan & Hasil,bag2/CT - CTA
36464-6,CT Thigh - right WO contrast,CT femur kanan nonkontras,Radiologi,Permintaan & Hasil,bag2/CT - CTA
36174-1,CT Thigh - left W contrast IV,CT femur kiri dengan kontras,Radiologi,Permintaan & Hasil,bag2/CT - CTA
36462-0,CT Thigh - left WO contrast,CT femur kiri nonkontras,Radiologi,Permintaan & Hasil,bag2/CT - CTA
36460-4,CT Thigh WO contrast,CT femur nonkontras,Radiologi,Permintaan & Hasil,bag2/CT - CTA
37221-9,CT Unspecified body region for fistula,CT fistulografi,Radiologi,Permintaan & Hasil,bag2/CT - CTA
36242-6,CT Posterior fossa W contrast IV,CT fossa posterior dengan kontras IV,Radiologi,Permintaan & Hasil,bag2/CT - CTA
36517-1,CT Posterior fossa WO contrast,CT fossa posterior nonkontras,Radiologi,Permintaan & Hasil,bag2/CT - CTA
36387-9,CT Posterior fossa WO and W contrast IV,CT fossa posterior nonkontras diikuti dengan kontras IV,Radiologi,Permintaan & Hasil,bag2/CT - CTA
69088-3,CT Knee - bilateral W contrast IV,CT genu bilateral dengan kontras,Radiologi,Permintaan & Hasil,bag2/CT - CTA
69089-1,CT Knee - bilateral WO contrast,CT genu bilateral nonkontras,Radiologi,Permintaan & Hasil,bag2/CT - CTA
36222-8,CT Knee W contrast IV,CT genu dengan kontras IV,Radiologi,Permintaan & Hasil,bag2/CT - CTA
36227-7,CT Knee - right W contrast IV,CT genu kanan dengan kontras,Radiologi,Permintaan & Hasil,bag2/CT - CTA
36509-8,CT Knee - right WO contrast,CT genu kanan nonkontras,Radiologi,Permintaan & Hasil,bag2/CT - CTA
36225-1,CT Knee - left W contrast IV,CT genu kiri dengan kontras,Radiologi,Permintaan & Hasil,bag2/CT - CTA
36507-2,CT Knee - left WO contrast,CT genu kiri nonkontras,Radiologi,Permintaan & Hasil,bag2/CT - CTA
36505-6,CT Knee WO contrast,CT genu nonkontras,Radiologi,Permintaan & Hasil,bag2/CT - CTA
46290-3,CT Guidance for biopsy of Unspecified body region-- WO contrast,CT guidance biopsy jarum nonkontras,Radiologi,Permintaan & Hasil,bag2/CT - CTA
58747-7,CT Guidance for ablation of tissue of Unspecified body region,CT guidance untuk ablasi dan pemantauan jaringan parenkimal,Radiologi,Permintaan & Hasil,bag2/CT - CTA
43444-9,CT Guidance for percutaneous drainage of abscess and placement of drainage catheter of Unspecified body region,CT guidance untuk drainase abses perkutan dan penempatan kateter drainase,Radiologi,Permintaan & Hasil,bag2/CT - CTA
89932-8,CT Guidance for deep placement of needle of Unspecified body region,CT guidance untuk penempatan jarum,Radiologi,Permintaan & Hasil,bag2/CT - CTA
25044-9,CT Guidance for biopsy of Unspecified body region,CT guided + biopsi (tindakan oleh DPJP Radiologi),Radiologi,Permintaan & Hasil,bag2/CT - CTA
103882-7,CT Mastoid WO and W contrast IV,CT high resolution mastoid dengan kontras,Radiologi,Permintaan & Hasil,bag2/CT - CTA
87885-0,CT Upper arm - bilateral WO contrast,CT humerus bilateral,Radiologi,Permintaan & Hasil,bag2/CT - CTA
36207-9,CT Upper arm W contrast IV,CT humerus dengan kontras,Radiologi,Permintaan & Hasil,bag2/CT - CTA
36211-1,CT Upper arm - right W contrast IV,CT humerus kanan dengan kontras,Radiologi,Permintaan & Hasil,bag2/CT - CTA
36494-3,CT Upper arm - right WO contrast,CT humerus kanan nonkontras,Radiologi,Permintaan & Hasil,bag2/CT - CTA
36209-5,CT Upper arm - left W contrast IV,CT humerus kiri dengan kontras,Radiologi,Permintaan & Hasil,bag2/CT - CTA
36492-7,CT Upper arm - left WO contrast,CT humerus kiri nonkontras,Radiologi,Permintaan & Hasil,bag2/CT - CTA
36491-9,CT Upper arm WO contrast,CT humerus nonkontras,Radiologi,Permintaan & Hasil,bag2/CT - CTA
58744-4,CT Heart,CT jantung,Radiologi,Permintaan & Hasil,bag2/CT - CTA
79089-9,CT Heart W contrast IV,CT jantung dengan kontras IV,Radiologi,Permintaan & Hasil,bag2/CT - CTA
79088-1,CT Heart for congenital disease W contrast IV,CT jantung dengan kontras IV untuk penyakit jantung bawaan,Radiologi,Permintaan & Hasil,bag2/CT - CTA
99612-4,CT Heart WO contrast,CT jantung nonkontras,Radiologi,Permintaan & Hasil,bag2/CT - CTA
79087-3,CT Heart and Coronary arteries for calcium scoring WO contrast,CT jantung nonkontras dengan pemeriksaan kalsium koroner secara kuantitatif,Radiologi,Permintaan & Hasil,bag2/CT - CTA
36235-0,CT Neck W contrast IV,CT jaringan lunak leher dengan kontras IV,Radiologi,Permintaan & Hasil,bag2/CT - CTA
36514-8,CT Neck WO contrast,CT jaringan lunak leher nonkontras,Radiologi,Permintaan & Hasil,bag2/CT - CTA
30586-2,CT Neck WO and W contrast IV,CT jaringan lunak leher nonkontras diikuti dengan kontras IV,Radiologi,Permintaan & Hasil,bag2/CT - CTA
24727-0,CT Head W contrast IV,CT kepala dengan kontras IV,Radiologi,Permintaan & Hasil,bag2/CT - CTA
30799-1,CT Head WO contrast,CT kepala nonkontras,Radiologi,Permintaan & Hasil,bag2/CT - CTA
24726-2,CT Head WO and W contrast IV,CT kepala nonkontras diikuti dengan kontras IV,Radiologi,Permintaan & Hasil,bag2/CT - CTA
82688-3,CT Colon and Rectum WO and W contrast IV and W air contrast PR,CT kolonografi nonkontras dan diikuti dengan kontras IV dan kontras PR,Radiologi,Permintaan & Hasil,bag2/CT - CTA
79071-7,CT Colon and Rectum WO contrast IV and W air contrast PR,CT kolonografi nonkontras IV diikuti dengan kontras PR,Radiologi,Permintaan & Hasil,bag2/CT - CTA
79069-1,CT Colon and Rectum for screening WO contrast IV and W air contrast PR,CT kolonografi skrining non kontras IV dan diikuti dengan kontras PR,Radiologi,Permintaan & Hasil,bag2/CT - CTA
24697-5,CT Facial bones W contrast IV,CT kontras wajah / craniofacial dengan kontras,Radiologi,Permintaan & Hasil,bag2/CT - CTA
36235-0,CT Neck W contrast IV,CT leher (faring-laring) dengan kontras,Radiologi,Permintaan & Hasil,bag2/CT - CTA
36514-8,CT Neck WO contrast,CT leher (faring-laring) nonkontras,Radiologi,Permintaan & Hasil,bag2/CT - CTA
86968-5,CT Hand - bilateral W contrast IV,CT manus bilateral dengan kontras,Radiologi,Permintaan & Hasil,bag2/CT - CTA
36004-0,CT Hand - bilateral,CT manus bilateral nonkontras,Radiologi,Permintaan & Hasil,bag2/CT - CTA
36191-5,CT Hand W contrast IV,CT manus dengan kontras IV,Radiologi,Permintaan & Hasil,bag2/CT - CTA
36195-6,CT Hand - right W contrast IV,CT manus kanan dengan kontras,Radiologi,Permintaan & Hasil,bag2/CT - CTA
36480-2,CT Hand - right WO contrast,CT manus kanan nonkontras,Radiologi,Permintaan & Hasil,bag2/CT - CTA
36193-1,CT Hand - left W contrast IV,CT manus kiri dengan kontras,Radiologi,Permintaan & Hasil,bag2/CT - CTA
36478-6,CT Hand - left WO contrast,CT manus kiri nonkontras,Radiologi,Permintaan & Hasil,bag2/CT - CTA
36477-8,CT Hand WO contrast,CT manus nonkontras,Radiologi,Permintaan & Hasil,bag2/CT - CTA
87900-7,CT Mastoid W contrast IV,CT mastoid high resolution dengan kontras IV,Radiologi,Permintaan & Hasil,bag2/CT - CTA
46298-6,CT Mastoid - bilateral,CT mastoid high resolution nonkontras,Radiologi,Permintaan & Hasil,bag2/CT - CTA
46298-6,CT Mastoid - bilateral,CT mastoid nonkontras,Radiologi,Permintaan & Hasil,bag2/CT - CTA
36049-5,CT Maxilla and Mandible,CT maxilla dan mandibula,Radiologi,Permintaan & Hasil,bag2/CT - CTA
30801-5,CT Maxillofacial region W contrast IV,CT maxillofacial dengan kontras IV,Radiologi,Permintaan & Hasil,bag2/CT - CTA
30802-3,CT Maxillofacial region WO contrast,CT maxillofacial nonkontras,Radiologi,Permintaan & Hasil,bag2/CT - CTA
30803-1,CT Maxillofacial region WO and W contrast IV,CT maxillofacial nonkontras diikuti dengan kontras IV,Radiologi,Permintaan & Hasil,bag2/CT - CTA
24836-9,CT Nasopharynx and Neck W contrast IV,"CT nasofaring, orofaring, laring dan leher dengan kontras",Radiologi,Permintaan & Hasil,bag2/CT - CTA
30585-4,CT Nasopharynx and Neck WO contrast,"CT nasofaring, orofaring, laring dan leher nonkontras",Radiologi,Permintaan & Hasil,bag2/CT - CTA
46320-8,CT Orbit and Face W contrast IV,CT orbita dan wajah dengan kontras IV,Radiologi,Permintaan & Hasil,bag2/CT - CTA
86988-3,CT Orbit and Face WO contrast,CT orbita dan wajah nonkontras,Radiologi,Permintaan & Hasil,bag2/CT - CTA
48449-3,CT Orbit W contrast IV,CT orbita dengan kontras IV,Radiologi,Permintaan & Hasil,bag2/CT - CTA
46331-5,CT Orbit WO contrast,CT orbita nonkontras,Radiologi,Permintaan & Hasil,bag2/CT - CTA
48451-9,CT Orbit WO and W contrast IV,CT orbita nonkontras diikuti dengan kontras IV,Radiologi,Permintaan & Hasil,bag2/CT - CTA
36815-9,CT Temporal bone W contrast IV,CT os. temporal dengan kontras,Radiologi,Permintaan & Hasil,bag2/CT - CTA
36866-2,CT Temporal bone WO contrast,CT Os. temporal nonkontras,Radiologi,Permintaan & Hasil,bag2/CT - CTA
95924-7,CT Skeletal system Multisection for bone density,CT osteo bone densito nonkontras,Radiologi,Permintaan & Hasil,bag2/CT - CTA
24727-0,CT Head W contrast IV,CT otak dengan kontras,Radiologi,Permintaan & Hasil,bag2/CT - CTA
79095-6,CT Teeth,CT panoramik,Radiologi,Permintaan & Hasil,bag2/CT - CTA
86973-5,CT Foot - bilateral W contrast IV,CT pedis bilateral dengan kontras,Radiologi,Permintaan & Hasil,bag2/CT - CTA
86967-7,CT Foot - bilateral WO contrast,CT pedis bilateral nonkontras,Radiologi,Permintaan & Hasil,bag2/CT - CTA
36178-2,CT Foot W contrast IV,CT pedis dengan kontras,Radiologi,Permintaan & Hasil,bag2/CT - CTA
36183-2,CT Foot - right W contrast IV,CT pedis kanan dengan kontras,Radiologi,Permintaan & Hasil,bag2/CT - CTA
36470-3,CT Foot - right WO contrast,CT pedis kanan nonkontras,Radiologi,Permintaan & Hasil,bag2/CT - CTA
36181-6,CT Foot - left W contrast IV,CT pedis kiri dengan kontras,Radiologi,Permintaan & Hasil,bag2/CT - CTA
36468-7,CT Foot - left WO contrast,CT pedis kiri nonkontras,Radiologi,Permintaan & Hasil,bag2/CT - CTA
36466-1,CT Foot WO contrast,CT pedis nonkontras,Radiologi,Permintaan & Hasil,bag2/CT - CTA
24866-6,CT Pelvis W contrast IV,CT pelvis dengan kontras IV,Radiologi,Permintaan & Hasil,bag2/CT - CTA
30615-9,CT Pelvis WO contrast,CT pelvis nonkontras,Radiologi,Permintaan & Hasil,bag2/CT - CTA
30616-7,CT Pelvis WO and W contrast IV,CT pelvis nonkontras diikuti dengan kontras IV,Radiologi,Permintaan & Hasil,bag2/CT - CTA
95925-4,CT Skeletal system.axial Multisection for bone density,CT pemeriksaan densitas mineral tulang satu lokasi atau lebih pada tulang-tulang aksial,Radiologi,Permintaan & Hasil,bag2/CT - CTA
39142-5,CT perfusion Head W contrast IV,CT perfusi dengan kontras,Radiologi,Permintaan & Hasil,bag2/CT - CTA
24728-8,CT perfusion Head,CT perfusi kepala dengan kontras,Radiologi,Permintaan & Hasil,bag2/CT - CTA
39142-5,CT perfusion Head W contrast IV,CT perfusi serebral dengan kontras IV,Radiologi,Permintaan & Hasil,bag2/CT - CTA
103880-1,CT Ankle - bilateral WO and W contrast IV,CT pergelangan kaki bilateral dengan kontras,Radiologi,Permintaan & Hasil,bag2/CT - CTA
36135-2,CT Ankle W contrast IV,CT pergelangan kaki dengan kontras,Radiologi,Permintaan & Hasil,bag2/CT - CTA
36139-4,CT Ankle - right W contrast IV,CT pergelangan kaki kanan dengan kontras,Radiologi,Permintaan & Hasil,bag2/CT - CTA
36428-1,CT Ankle - right WO contrast,CT pergelangan kaki kanan nonkontras,Radiologi,Permintaan & Hasil,bag2/CT - CTA
36137-8,CT Ankle - left W contrast IV,CT pergelangan kaki kiri dengan kontras + anestesi,Radiologi,Permintaan & Hasil,bag2/CT - CTA
36426-5,CT Ankle - left WO contrast,CT pergelangan kaki kiri nonkontras,Radiologi,Permintaan & Hasil,bag2/CT - CTA
69091-7,CT Wrist - bilateral W contrast IV,CT pergelangan tangan bilateral dengan kontras,Radiologi,Permintaan & Hasil,bag2/CT - CTA
37461-1,CT Wrist - bilateral WO contrast,CT pergelangan tangan bilateral nonkontras,Radiologi,Permintaan & Hasil,bag2/CT - CTA
37452-0,CT Wrist - right W contrast IV,CT pergelangan tangan kanan dengan kontras,Radiologi,Permintaan & Hasil,bag2/CT - CTA
37465-2,CT Wrist - right WO contrast,CT pergelangan tangan kanan nonkontras,Radiologi,Permintaan & Hasil,bag2/CT - CTA
37450-4,CT Wrist - left W contrast IV,CT pergelangan tangan kiri dengan kontras,Radiologi,Permintaan & Hasil,bag2/CT - CTA
37463-7,CT Wrist - left WO contrast,CT pergelangan tangan kiri nonkontras,Radiologi,Permintaan & Hasil,bag2/CT - CTA
30590-4,CT Pituitary and Sella turcica W contrast IV,CT pituitari dan sella turcica dengan kontras IV,Radiologi,Permintaan & Hasil,bag2/CT - CTA
30591-2,CT Pituitary and Sella turcica WO contrast,CT pituitari dan sella turcica nonkontras,Radiologi,Permintaan & Hasil,bag2/CT - CTA
24904-5,CT Pituitary and Sella turcica WO and W contrast IV,CT pituitari dan sella turcica nonkontras diikuti dengan kontras IV,Radiologi,Permintaan & Hasil,bag2/CT - CTA
78973-5,CT scanogram Lower extremity - bilateral for leg measurement WO contrast,CT scanogram ekstremitas bawah bilateral nonkontras,Radiologi,Permintaan & Hasil,bag2/CT - CTA
30588-8,CT Sinuses,CT sinus,Radiologi,Permintaan & Hasil,bag2/CT - CTA
36255-8,CT Sinuses W contrast IV,CT sinus kontras IV,Radiologi,Permintaan & Hasil,bag2/CT - CTA
36529-6,CT Sinuses WO contrast,CT sinus nonkontras,Radiologi,Permintaan & Hasil,bag2/CT - CTA
36255-8,CT Sinuses W contrast IV,CT sinus paranasal dengan kontras,Radiologi,Permintaan & Hasil,bag2/CT - CTA
30583-9,CT Internal auditory canal W contrast IV,CT telinga dalam dengan kontras IV,Radiologi,Permintaan & Hasil,bag2/CT - CTA
30584-7,CT Internal auditory canal WO contrast,CT telinga dalam nonkontras,Radiologi,Permintaan & Hasil,bag2/CT - CTA
36282-2,CT Internal auditory canal WO and W contrast IV,CT telinga dalam nonkontras diikuti dengan kontras IV,Radiologi,Permintaan & Hasil,bag2/CT - CTA
36460-4,CT Thigh WO contrast,CT thigh nonkontras,Radiologi,Permintaan & Hasil,bag2/CT - CTA
42275-8,CT Chest and Abdomen W contrast IV,CT thorakoabdominal dengan kontras IV,Radiologi,Permintaan & Hasil,bag2/CT - CTA
24628-0,CT Chest W contrast IV,CT thorax dengan kontras IV,Radiologi,Permintaan & Hasil,bag2/CT - CTA
29252-4,CT Chest WO contrast,CT thorax nonkontras,Radiologi,Permintaan & Hasil,bag2/CT - CTA
35895-2,CT Guidance for biopsy of Chest,CT thorax nonkontras + guiding CT,Radiologi,Permintaan & Hasil,bag2/CT - CTA
30598-7,CT Chest WO and W contrast IV,CT thorax nonkontras diikuti dengan kontras IV,Radiologi,Permintaan & Hasil,bag2/CT - CTA
37283-9,CT Temporomandibular joint WO contrast,CT TMJ nonkontras,Radiologi,Permintaan & Hasil,bag2/CT - CTA
42276-6,CT Chest and Abdomen WO contrast,CT torakoabdominal nonkontras,Radiologi,Permintaan & Hasil,bag2/CT - CTA
87866-0,CT Kidney and Ureter and Urinary bladder WO and W contrast IV,CT urografi dengan kontras IV,Radiologi,Permintaan & Hasil,bag2/CT - CTA
87866-0,CT Kidney and Ureter and Urinary bladder WO and W contrast IV,CT urografi dengan kontras multifase,Radiologi,Permintaan & Hasil,bag2/CT - CTA
30600-1,CT Small bowel W positive contrast via enteroclysis tube,CT usus halus melalui tabung enteroklisis,Radiologi,Permintaan & Hasil,bag2/CT - CTA
87281-2,CTA Lower extremity veins - bilateral W contrast IV,CT venografi ekstremitas inferior bilateral,Radiologi,Permintaan & Hasil,bag2/CT - CTA
36825-8,CTA Lower extremity veins - right W contrast IV,CT venografi ekstremitas inferior kanan,Radiologi,Permintaan & Hasil,bag2/CT - CTA
36824-1,CTA Lower extremity veins - left W contrast IV,CT venografi ekstremitas inferior kiri,Radiologi,Permintaan & Hasil,bag2/CT - CTA
89723-1,CTA Upper extremity veins - right W contrast IV,CT venografi ekstremitas superior kanan,Radiologi,Permintaan & Hasil,bag2/CT - CTA
89722-3,CTA Upper extremity veins - left W contrast IV,CT venografi ekstremitas superior kiri,Radiologi,Permintaan & Hasil,bag2/CT - CTA
86985-9,CT Cervical and thoracic spine W contrast IV,CT vertebra cervical + thoracal dengan kontras,Radiologi,Permintaan & Hasil,bag2/CT - CTA
86985-9,CT Cervical and thoracic spine W contrast IV,CT vertebra cervical dan thoracic kontras IV,Radiologi,Permintaan & Hasil,bag2/CT - CTA
83304-6,CT Cervical and thoracic spine WO contrast,CT vertebra cervical dan thoracic nonkontras,Radiologi,Permintaan & Hasil,bag2/CT - CTA
24933-4,CT Cervical spine W contrast IV,CT vertebra cervical dengan kontras,Radiologi,Permintaan & Hasil,bag2/CT - CTA
24934-2,CT Cervical spine W contrast IT,CT vertebra cervical dengan kontras IT,Radiologi,Permintaan & Hasil,bag2/CT - CTA
24933-4,CT Cervical spine W contrast IV,CT vertebra cervical dengan kontras IV,Radiologi,Permintaan & Hasil,bag2/CT - CTA
30592-0,CT Cervical spine WO contrast,CT vertebra cervical nonkontras,Radiologi,Permintaan & Hasil,bag2/CT - CTA
36401-8,CT Cervical spine WO and W contrast IV,CT vertebra cervical nonkontras diikuti dengan kontras IV,Radiologi,Permintaan & Hasil,bag2/CT - CTA
86959-4,CT Cervical and thoracic spine WO and W contrast IV,CT vertebra cerviothoracal dengan kontras IV,Radiologi,Permintaan & Hasil,bag2/CT - CTA
83304-6,CT Cervical and thoracic spine WO contrast,CT vertebra cerviothoracal nonkontras,Radiologi,Permintaan & Hasil,bag2/CT - CTA
86984-2,CT Cervical and thoracic and lumbar spine W contrast IV,CT vertebra lengkap (wholespine) dengan kontras,Radiologi,Permintaan & Hasil,bag2/CT - CTA
86987-5,CT Cervical and thoracic and lumbar spine WO contrast,CT vertebra lengkap (wholespine) nonkontras,Radiologi,Permintaan & Hasil,bag2/CT - CTA
24965-6,CT Lumbar spine W contrast IT,CT vertebra lumbal dengan kontras IT,Radiologi,Permintaan & Hasil,bag2/CT - CTA
24964-9,CT Lumbar spine W contrast IV,CT vertebra lumbal dengan kontras IV,Radiologi,Permintaan & Hasil,bag2/CT - CTA
30620-9,CT Lumbar spine WO contrast,CT vertebra lumbal nonkontras,Radiologi,Permintaan & Hasil,bag2/CT - CTA
44114-7,CT Lumbar spine WO and W contrast IT,CT vertebra lumbal nonkontras diikuti dengan kontras IT,Radiologi,Permintaan & Hasil,bag2/CT - CTA
36402-6,CT Lumbar spine WO and W contrast IV,CT vertebra lumbal tanpa kontras diikuti dengan kontras IV,Radiologi,Permintaan & Hasil,bag2/CT - CTA
82697-4,CT Spine Lumbar and Sacrum WO contrast,CT vertebra lumbar dan sacrum nonkontras,Radiologi,Permintaan & Hasil,bag2/CT - CTA
82696-6,CT Spine Lumbar and Sacrum W contrast IV,CT vertebra lumbosacral dengan kontras,Radiologi,Permintaan & Hasil,bag2/CT - CTA
82697-4,CT Spine Lumbar and Sacrum WO contrast,CT vertebra lumbosacral nonkontras,Radiologi,Permintaan & Hasil,bag2/CT - CTA
86974-3,CT Thoracic and lumbar spine WO and W contrast IV,CT vertebra thoracal + lumbal dengan kontras,Radiologi,Permintaan & Hasil,bag2/CT - CTA
24979-7,CT Thoracic spine W contrast IV,CT vertebra thoracal dengan kontras,Radiologi,Permintaan & Hasil,bag2/CT - CTA
30596-1,CT Thoracic spine W contrast IT,CT vertebra thoracal dengan kontras IT,Radiologi,Permintaan & Hasil,bag2/CT - CTA
24979-7,CT Thoracic spine W contrast IV,CT vertebra thoracal dengan kontras IV,Radiologi,Permintaan & Hasil,bag2/CT - CTA
30597-9,CT Thoracic spine WO contrast,CT vertebra thoracal nonkontras,Radiologi,Permintaan & Hasil,bag2/CT - CTA
44113-9,CT Thoracic spine WO and W contrast IT,CT vertebra thoracal nonkontras diikuti dengan kontras IT,Radiologi,Permintaan & Hasil,bag2/CT - CTA
36403-4,CT Thoracic spine WO and W contrast IV,CT vertebra thoracal nonkontras diikuti dengan kontras IV,Radiologi,Permintaan & Hasil,bag2/CT - CTA
83294-9,CT Thoracic and lumbar spine W contrast IV,CT vertebra thoracolumbar dengan kontras IV,Radiologi,Permintaan & Hasil,bag2/CT - CTA
83310-3,CT Thoracic and lumbar spine WO contrast,CT vertebra thoracolumbar nonkontras,Radiologi,Permintaan & Hasil,bag2/CT - CTA
18744-3,Bronchoscopy study,CT virtual bronchoscopy / thorax-nonkontras,Radiologi,Permintaan & Hasil,bag2/CT - CTA
72249-6,CT Facial bones WO contrast,CT wajah / craniofacial nonkontras,Radiologi,Permintaan & Hasil,bag2/CT - CTA
37447-0,CT Wrist W contrast IV,CT wrist dengan kontras IV,Radiologi,Permintaan & Hasil,bag2/CT - CTA
37459-5,CT Wrist WO contrast,CT wrist nonkontras,Radiologi,Permintaan & Hasil,bag2/CT - CTA
36828-2,CTA Abdominal vessels W contrast IV,CTA abdomen,Radiologi,Permintaan & Hasil,bag2/CT - CTA
82679-2,CTA Abdominal vessels and Pelvis vessels WO and W contrast IV,CTA abdomen dan pelvis nonkontras diikuti dengan kontras IV,Radiologi,Permintaan & Hasil,bag2/CT - CTA
30805-6,CTA Abdominal vessels WO and W contrast IV,CTA abdomen nonkontras diikuti dengan kontras IV,Radiologi,Permintaan & Hasil,bag2/CT - CTA
78037-9,CTA Abdominal Aorta and Bilateral Runoff Vessels W contrast IV,CTA aorta abdominalis dan iliofemoral bilateral dengan kontras IV,Radiologi,Permintaan & Hasil,bag2/CT - CTA
78031-2,CTA Abdominal Aorta and Bilateral Runoff Vessels WO and W contrast IV,CTA aorta abdominalis dan iliofemoral bilateral non kontras diikuti dengan kontras IV,Radiologi,Permintaan & Hasil,bag2/CT - CTA
82709-7,CTA Thoracic Aorta,CTA aorta torakalis,Radiologi,Permintaan & Hasil,bag2/CT - CTA
36141-0,CTA Thoracic and abdominal aorta W contrast IV,CTA aorta toraks - abdomen,Radiologi,Permintaan & Hasil,bag2/CT - CTA
36146-9,CTA Carotid artery W contrast IV,CTA carotis dengan kontras IV,Radiologi,Permintaan & Hasil,bag2/CT - CTA
36830-8,CTA Head vessels W contrast IV,CTA cerebral,Radiologi,Permintaan & Hasil,bag2/CT - CTA
87856-1,CTA Circle of Willis and Carotid arteries W contrast IV,CTA cerebral - carotis,Radiologi,Permintaan & Hasil,bag2/CT - CTA
37498-3,CTA Head vessels and Neck vessels W contrast IV,CTA cerebral dan carotis,Radiologi,Permintaan & Hasil,bag2/CT - CTA
79073-3,CTA Heart and Coronary arteries W contrast IV,CTA coroner,Radiologi,Permintaan & Hasil,bag2/CT - CTA
42295-6,CTA Upper extremity vessels W contrast IV,CTA ekstremitas atas dengan kontras IV,Radiologi,Permintaan & Hasil,bag2/CT - CTA
36421-6,CTA Upper extremity vessels WO and W contrast IV,CTA ekstremitas atas nonkontras diikuti dengan kontras IV,Radiologi,Permintaan & Hasil,bag2/CT - CTA
87845-4,CTA Lower extremity vessels,CTA ekstremitas bawah,Radiologi,Permintaan & Hasil,bag2/CT - CTA
30807-2,CTA Lower extremity vessels WO and W contrast IV,CTA ekstremitas bawah nonkontras dilanjutkan dengan kontras IV,Radiologi,Permintaan & Hasil,bag2/CT - CTA
36831-6,CTA Lower extremity vessels W contrast IV,CTA ekstremitas bawah W contrast IV,Radiologi,Permintaan & Hasil,bag2/CT - CTA
86965-1,CTA Lower extremity vessels - bilateral W contrast IV,CTA ekstremitas inferior bilateral,Radiologi,Permintaan & Hasil,bag2/CT - CTA
82710-5,CTA Lower extremity vessels - right,CTA ekstremitas inferior kanan,Radiologi,Permintaan & Hasil,bag2/CT - CTA
82712-1,CTA Lower extremity vessels - left,CTA ekstremitas inferior kiri,Radiologi,Permintaan & Hasil,bag2/CT - CTA
86962-8,CTA Upper extremity vessels - bilateral W contrast IV,CTA ekstremitas superior bilateral,Radiologi,Permintaan & Hasil,bag2/CT - CTA
82714-7,CTA Upper extremity vessels - right,CTA ekstremitas superior kanan,Radiologi,Permintaan & Hasil,bag2/CT - CTA
82713-9,CTA Upper extremity vessels - left,CTA ekstremitas superior kiri,Radiologi,Permintaan & Hasil,bag2/CT - CTA
79073-3,CTA Heart and Coronary arteries W contrast IV,CTA jantung dan arteri koroner dengan kontras IV,Radiologi,Permintaan & Hasil,bag2/CT - CTA
30593-8,CTA Head vessels WO and W contrast IV,CTA kepala nonkontras diikuti dengan kontras IV,Radiologi,Permintaan & Hasil,bag2/CT - CTA
30594-6,CTA Neck vessels WO and W contrast IV,CTA leher nonkontras diikuti dengan kontras IV,Radiologi,Permintaan & Hasil,bag2/CT - CTA
30623-3,CTA Pelvis vessels WO and W contrast IV,CTA pelvis nonkontras diikuti dengan kontras IV,Radiologi,Permintaan & Hasil,bag2/CT - CTA
36147-7,CTA Pulmonary arteries W contrast IV,CTA pulmonal arteri,Radiologi,Permintaan & Hasil,bag2/CT - CTA
87839-7,CTA Pulmonary veins W contrast IV,CTA pulmonal vena,Radiologi,Permintaan & Hasil,bag2/CT - CTA
30804-9,CTA Chest vessels WO and W contrast IV,CTA thorax nonkontras diikuti dengan kontras IV,Radiologi,Permintaan & Hasil,bag2/CT - CTA
89851-0,CTA Unspecified body region limited,CTA untuk perencanaan tindakan bedah,Radiologi,Permintaan & Hasil,bag2/CT - CTA
87873-6,CT Lung parenchyma WO and W contrast IV,HRCT thorax dengan kontras IV,Radiologi,Permintaan & Hasil,bag2/CT - CTA
37441-3,CT Lung parenchyma WO contrast,HRCT thorax nonkontras,Radiologi,Permintaan & Hasil,bag2/CT - CTA
24812-0,CT Guidance for biopsy of Liver,CT guidance untuk biopsi hati,Radiologi,Permintaan & Hasil,bag2/CT - CTA
69092-5,CT Guidance for biopsy of Liver-- WO contrast,CT guidance untuk biopsi hati tanpa kontras,Radiologi,Permintaan & Hasil,bag2/CT - CTA
24813-8,CT Guidance for core needle biopsy of Liver,CT guidance untuk core needle biopsi hati,Radiologi,Permintaan & Hasil,bag2/CT - CTA
87167-3,Guidance for transcatheter biopsy,Guidance biopsi transkateter,Radiologi,Permintaan & Hasil,bag2/Guidance
88930-3,Guidance for dilation of stricture and placement of stent of Biliary ducts-- W contrast IV,"Guidance pelebaran perkutaneus transhepatik striktur duktus biliaris, dengan atau tanpa pemasangan stent",Radiologi,Permintaan & Hasil,bag2/Guidance
87093-1,Guidance for removal of venous filter from Inferior vena cava,Guidance pelepasan filter vena pada vena cava inferior,Radiologi,Permintaan & Hasil,bag2/Guidance
87126-9,Guidance for removal of venous filter from Superior vena cava,Guidance pelepasan filter vena pada vena cava superior,Radiologi,Permintaan & Hasil,bag2/Guidance
87092-3,Guidance for placement of venous filter in Inferior vena cava,Guidance pemasangan filter inferior vena cava perkutaneus,Radiologi,Permintaan & Hasil,bag2/Guidance
87128-5,Guidance for placement of venous filter in Superior vena cava,Guidance pemasangan filter superior vena cava perkutaneus,Radiologi,Permintaan & Hasil,bag2/Guidance
87190-5,Guidance for percutaneous placement of nephroureteral stent of Kidney and Ureter and Urinary bladder,Guidance pemasangan kateter atau stent ureter melalui pelvis renalis secara perkutan untuk injeksi atau drainase,Radiologi,Permintaan & Hasil,bag2/Guidance
87066-7,Guidance for percutaneous placement of nephrostomy tube of Kidney,Guidance pemasangan nefrostomi perkutan,Radiologi,Permintaan & Hasil,bag2/Guidance
88938-6,Guidance for placement of stent in Ureter,Guidance pemasanganan stent ureter,Radiologi,Permintaan & Hasil,bag2/Guidance
87094-9,Guidance for reposition of venous filter in Inferior vena cava,Guidance reposisi filter vena pada vena cava inferior,Radiologi,Permintaan & Hasil,bag2/Guidance
87127-7,Guidance for reposition of venous filter in Superior vena cava,Guidance reposisi filter vena pada vena cava superior,Radiologi,Permintaan & Hasil,bag2/Guidance
87202-8,Guidance for venous sampling of Vein,Guidance untuk sampling vena,Radiologi,Permintaan & Hasil,bag2/Guidance
97100-2,Colonoscopy+US Study,Colonoscopy dengan lower endoscopic ultrasound,Radiologi,Permintaan & Hasil,bag2/Lain-lain
72139-9,DBT Breast - bilateral diagnostic,DBT diagnostik bilateral,Radiologi,Permintaan & Hasil,bag2/Lain-lain
86462-9,DBT Breast - unilateral,DBT diagnostik unilateral,Radiologi,Permintaan & Hasil,bag2/Lain-lain
72142-3,DBT Breast - bilateral screening,DBT skrining bilateral,Radiologi,Permintaan & Hasil,bag2/Lain-lain
97101-0,Flexible sigmoidoscopy+US Study,Flexible sigmoidoscopy dengan lower endoscopic ultrasound,Radiologi,Permintaan & Hasil,bag2/Lain-lain
24776-7,NM Kidney Views,NM renogram/GFR,Radiologi,Permintaan & Hasil,bag2/Lain-lain
39747-1,NM Salivary gland Views,NM Salivary scan,Radiologi,Permintaan & Hasil,bag2/Lain-lain
30899-9,Blood volume by Scintigraphy,Penentuan volume whole blood dengan scintigrafi,Radiologi,Hasil,bag2/Lain-lain
95610-2,XR Teeth Complete Views,Dental (Periapical),Radiologi Gigi,Permintaan & Hasil,gigi/Terminologi Radiologi Gigi
46386-9,XR Teeth Bitewing Views,Bitewing (Bw),Radiologi Gigi,Permintaan & Hasil,gigi/Terminologi Radiologi Gigi
95611-0,XR Teeth Occlusal Views,Occlusal (Occ) (RA/RB),Radiologi Gigi,Permintaan & Hasil,gigi/Terminologi Radiologi Gigi
69270-7,XR Skull PA,XR skull PA,Radiologi Gigi,Permintaan & Hasil,gigi/Terminologi Radiologi Gigi
30721-5,XR Sinuses PA and Lateral,XR sinus PA dan lateral,Radiologi Gigi,Permintaan & Hasil,gigi/Terminologi Radiologi Gigi
36754-0,XR Mandible PA and Lateral,XR mandibula PA dan lateral,Radiologi Gigi,Permintaan & Hasil,gigi/Terminologi Radiologi Gigi
69271-5,XR Skull PA and Lateral and Waters and Towne,"XR Skull PA, lateral, waters & towne",Radiologi Gigi,Permintaan & Hasil,gigi/Terminologi Radiologi Gigi
39520-2,XR Skull PA and Right lateral and Left lateral and Towne,"XR Skull PA, lateral kanan, lateral kiri, & towne",Radiologi Gigi,Permintaan & Hasil,gigi/Terminologi Radiologi Gigi
39519-4,XR Skull PA and Right lateral and Left lateral,XR Skull PA and Right lateral and Left lateral,Radiologi Gigi,Permintaan & Hasil,gigi/Terminologi Radiologi Gigi
37859-6,XR Sinuses PA and Lateral and Waters,XR Sinuses PA and Lateral and Waters,Radiologi Gigi,Permintaan & Hasil,gigi/Terminologi Radiologi Gigi
37860-4,XR Sinuses PA and Lateral and Caldwell and Waters,XR Sinuses PA and Lateral and Caldwell and Waters,Radiologi Gigi,Permintaan & Hasil,gigi/Terminologi Radiologi Gigi
24828-6,XR tomography Mandible Panoramic,Orthopantogram (OPG)/ Panoramic standar,Radiologi Gigi,Permintaan & Hasil,gigi/Terminologi Radiologi Gigi
37338-1,XR Skull and Facial bones and Mandible Views,Cephalometry lateral,Radiologi Gigi,Permintaan & Hasil,gigi/Terminologi Radiologi Gigi
36711-0,XR Mandible AP and Lateral,XR mandibula AP dan lateral,Radiologi Gigi,Permintaan & Hasil,gigi/Terminologi Radiologi Gigi
69269-9,XR Skull AP,XR skull AP,Radiologi Gigi,Permintaan & Hasil,gigi/Terminologi Radiologi Gigi
99633-0,Cone beam CT Teeth,CBCT,Radiologi Gigi,Permintaan & Hasil,gigi/Terminologi Radiologi Gigi
99631-4,Cone beam CT Temporomandibular joint - bilateral,CBCT Temporomandibular Joint (TMJ) bilateral,Radiologi Gigi,Permintaan & Hasil,gigi/Terminologi Radiologi Gigi
99632-2,Cone beam CT Temporomandibular joint WO and W contrast IV,CBCT TMJ tanpa kontras dan dengan kontras IV,Radiologi Gigi,Permintaan & Hasil,gigi/Terminologi Radiologi Gigi
24921-9,XR Skull Waters,Occipitomental 0 derajat (Waters),Radiologi Gigi,Permintaan & Hasil,gigi/Terminologi Radiologi Gigi
37026-2,XR Skull Submentovertex,Submentovertex skull,Radiologi Gigi,Permintaan & Hasil,gigi/Terminologi Radiologi Gigi
37861-2,XR Sinuses Submentovertex,Submentovertex sinus,Radiologi Gigi,Permintaan & Hasil,gigi/Terminologi Radiologi Gigi
37165-8,XR Facial bones Lateral and Caldwell and Waters and Submentovertex,Submentovertex caldwell,Radiologi Gigi,Permintaan & Hasil,gigi/Terminologi Radiologi Gigi
36747-4,XR Mandible Oblique Views,Lateral Oblique,Radiologi Gigi,Permintaan & Hasil,gigi/Terminologi Radiologi Gigi
37870-3,XR Skull Towne,Reverse Towne skull,Radiologi Gigi,Permintaan & Hasil,gigi/Terminologi Radiologi Gigi
37869-5,XR Skull Lateral and Towne,Reverse Towne skull lateral,Radiologi Gigi,Permintaan & Hasil,gigi/Terminologi Radiologi Gigi
37871-1,XR Skull Lateral and Caldwell and Waters and Towne,Reverse Towne skull lateral caldwell,Radiologi Gigi,Permintaan & Hasil,gigi/Terminologi Radiologi Gigi
69271-5,XR Skull PA and Lateral and Waters and Towne,Reverse Towne skull PA lateral,Radiologi Gigi,Permintaan & Hasil,gigi/Terminologi Radiologi Gigi
37338-1,XR Skull and Facial bones and Mandible Views,Transkranial,Radiologi Gigi,Permintaan & Hasil,gigi/Terminologi Radiologi Gigi
25000-1,XR Temporomandibular joint Views,Temporomandibular Joint (TMJ) view,Radiologi Gigi,Permintaan & Hasil,gigi/Terminologi Radiologi Gigi
48491-5,XR Temporomandibular joint - left Open and Closed mouth,Temporomandibular Joint (TMJ) view kiri open closed,Radiologi Gigi,Permintaan & Hasil,gigi/Terminologi Radiologi Gigi
48490-7,XR Temporomandibular joint - right Open and Closed mouth,Temporomandibular Joint (TMJ) view kanan open closed,Radiologi Gigi,Permintaan & Hasil,gigi/Terminologi Radiologi Gigi
37546-9,XR Temporomandibular joint - bilateral Open and Closed mouth,Temporomandibular Joint (TMJ) view bilateral open closed,Radiologi Gigi,Permintaan & Hasil,gigi/Terminologi Radiologi Gigi
35953-9,MR Face,MRI wajah,Radiologi Gigi,Permintaan & Hasil,gigi/Terminologi Radiologi Gigi
36933-0,MR Salivary gland,MRI kelenjar saliva,Radiologi Gigi,Permintaan & Hasil,gigi/Terminologi Radiologi Gigi
30662-1,MR Sinuses WO contrast,MRI sinus tanpa kontras,Radiologi Gigi,Permintaan & Hasil,gigi/Terminologi Radiologi Gigi
24915-1,MR Sinuses W contrast IV,MR sinus dengan kontras IV,Radiologi Gigi,Permintaan & Hasil,gigi/Terminologi Radiologi Gigi
24999-5,MR Temporomandibular joint,MRI Temporomandibular Joint (TMJ,Radiologi Gigi,Permintaan & Hasil,gigi/Terminologi Radiologi Gigi
37244-1,MR Temporomandibular joint W contrast IV,MRI Temporomandibular Joint (TMJ) dengan kontras IV,Radiologi Gigi,Permintaan & Hasil,gigi/Terminologi Radiologi Gigi
37284-7,MR Temporomandibular joint WO contrast,MRI Temporomandibular Joint (TMJ) tanpa kontras,Radiologi Gigi,Permintaan & Hasil,gigi/Terminologi Radiologi Gigi
44164-2,US Head and Neck,USG kepala dan leher,Radiologi Gigi,Permintaan & Hasil,gigi/Terminologi Radiologi Gigi
80858-4,US Head and neck soft tissue,USG jaringan lunak kepala dan leher,Radiologi Gigi,Permintaan & Hasil,gigi/Terminologi Radiologi Gigi
30880-9,US.doppler Head vessels and Neck vessels,USG pembuluh darah kepala dan leher,Radiologi Gigi,Permintaan & Hasil,gigi/Terminologi Radiologi Gigi
36050-3,CT Maxilla,CT maxilla,Radiologi Gigi,Permintaan & Hasil,gigi/Terminologi Radiologi Gigi
36049-5,CT Maxilla and Mandible,CT maxilla dan mandibula,Radiologi Gigi,Permintaan & Hasil,gigi/Terminologi Radiologi Gigi
41808-7,CT Maxillofacial region,CT regio maxillofacial,Radiologi Gigi,Permintaan & Hasil,gigi/Terminologi Radiologi Gigi
30802-3,CT Maxillofacial region WO contrast,CT regio maxillofacial tanpa kontras,Radiologi Gigi,Permintaan & Hasil,gigi/Terminologi Radiologi Gigi
30801-5,CT Maxillofacial region W contrast IV,CT regio maxillofacial dengan kontras IV,Radiologi Gigi,Permintaan & Hasil,gigi/Terminologi Radiologi Gigi
87898-3,CT Teeth.maxilla WO contrast,CT gigi maxilla tanpa kontras,Radiologi Gigi,Permintaan & Hasil,gigi/Terminologi Radiologi Gigi
30588-8,CT Sinuses,CT sinus,Radiologi Gigi,Permintaan & Hasil,gigi/Terminologi Radiologi Gigi
83309-5,CT Sinuses and Mandible WO contrast,CT sinus dan nandibula tanpa kontras,Radiologi Gigi,Permintaan & Hasil,gigi/Terminologi Radiologi Gigi
